id,log,date,wake_time,start_time,end_time,sleep_length,sleep_proportion,nap,segmented_sleep,start_time_category,calories_3hour_before_sleep,calories_3hour_after_sleep,calories_daytime,heartrate_3hours_before_sleep,heartrate_3hours_before_sleep_variance
1503960366,11388770715,4/12/16 0:00,4/12/16 8:32,4/13/16 3:08,4/13/16 8:20,312,0.926517572,0,0,3~6,158.2437954,324.9031405,1209.479665,,
1503960366,11421831252,4/15/16 0:00,4/15/16 10:20,4/16/16 2:11,4/16/16 8:19,365,0.926488515,0,1,0~3,300.9148912,240.511693,806.3197765,,
1503960366,11421831254,4/16/16 0:00,4/16/16 8:19,4/16/16 23:27,4/17/16 11:18,711,0.983146067,0,0,21~0,204.1753941,338.1949906,850.3637753,,
1503960366,11447640793,4/19/16 0:00,4/19/16 7:25,4/20/16 2:01,4/20/16 8:17,376,0.954907162,0,0,0~3,226.8265934,298.7126918,1259.579714,,
1503960366,11455720858,4/20/16 0:00,4/20/16 8:17,4/21/16 2:32,4/21/16 8:35,363,0.892857143,0,0,0~3,213.9279938,298.3980913,1012.854671,,
1503960366,11474187653,4/23/16 0:00,4/23/16 8:46,4/24/16 1:57,4/24/16 9:25,448,0.957683742,0,0,0~3,181.9960947,212.3549938,1233.389264,,
1503960366,11486980511,4/24/16 0:00,4/24/16 9:25,4/25/16 2:56,4/25/16 8:18,322,0.857585139,0,0,0~3,178.8500948,220.2199936,1083.167768,,
1503960366,11493711616,4/25/16 0:00,4/25/16 8:18,4/26/16 3:59,4/26/16 8:32,273,0.894160584,0,0,3~6,181.3668947,301.8586912,1331.544461,,
1503960366,11517735116,4/28/16 0:00,4/28/16 8:34,4/29/16 2:21,4/29/16 8:14,353,0.963276836,0,0,0~3,239.095993,300.6789412,1069.797269,,
1503960366,11522188936,4/29/16 0:00,4/29/16 8:14,4/30/16 1:50,4/30/16 8:54,424,0.950588235,0,0,0~3,257.9719925,270.7132921,987.6080213,,
1503960366,11531996212,4/30/16 0:00,4/30/16 8:54,5/1/16 2:02,5/1/16 8:37,395,0.931818182,0,0,0~3,243.0284929,199.1417942,1194.300215,,
1503960366,11540663911,5/1/16 0:00,5/1/16 8:37,5/2/16 3:15,5/2/16 8:23,308,0.896440129,0,0,3~6,156.5134954,192.0632944,1202.558465,,
1503960366,11548039064,5/2/16 0:00,5/2/16 8:23,5/3/16 3:39,5/3/16 8:34,295,0.922297297,0,0,3~6,164.5628434,293.1285424,1339.170783,,
1503960366,11569709241,5/5/16 0:00,5/5/16 8:39,5/6/16 2:25,5/6/16 8:31,366,0.910081744,0,0,0~3,188.6299624,277.8658414,1198.823888,,
1503960366,11576325621,5/6/16 0:00,5/6/16 8:31,5/7/16 2:41,5/7/16 8:29,348,0.948424069,0,0,0~3,163.0000437,290.3682426,1143.657049,,
1503960366,11582776423,5/7/16 0:00,5/7/16 8:29,5/8/16 1:32,5/8/16 11:42,610,0.972176759,0,0,0~3,234.8888424,279.9756222,970.4988087,,
1503960366,11591926984,5/8/16 0:00,5/8/16 11:42,5/9/16 0:35,5/9/16 6:16,341,0.988304094,0,0,0~3,238.4832824,229.7316028,743.8146691,,
1503960366,11611033063,5/9/16 0:00,5/9/16 6:16,5/10/16 1:36,5/10/16 8:18,402,0.950372208,0,0,0~3,151.747884,203.0077229,1241.722756,,
1503960366,11611033064,5/10/16 0:00,5/10/16 8:18,5/11/16 3:08,5/11/16 8:13,305,0.931372549,0,0,3~6,180.3471237,283.0230835,1175.225612,,
1644430081,11524592517,4/30/16 0:00,4/29/16 20:39,4/30/16 14:54,4/30/16 17:15,141,0.873239437,0,0,Daytime,532.889761,266.1638234,1559.883011,,
1644430081,11548609830,5/1/16 0:00,4/30/16 17:15,5/1/16 18:01,5/2/16 10:01,959,0.829006552,0,1,18~21,472.4618615,813.1065822,2225.714158,,
1927972279,11384336437,4/12/16 0:00,4/12/16 8:35,4/13/16 2:23,4/13/16 9:24,421,0.943127962,1,0,0~3,274.7507858,253.9236031,1149.545603,,
2026352035,11382294591,4/12/16 0:00,4/12/16 5:53,4/12/16 20:52,4/13/16 6:16,564,0.939823009,0,0,18~21,207.1067181,205.7890481,622.0177451,,
2026352035,11391168707,4/13/16 0:00,4/13/16 6:16,4/13/16 21:18,4/14/16 6:45,567,0.959507042,0,0,21~0,236.405498,218.190648,639.1474543,,
2026352035,11399886313,4/14/16 0:00,4/14/16 6:45,4/14/16 20:56,4/15/16 6:28,572,0.912739965,0,0,18~21,213.462538,247.3344077,506.7603753,,
2026352035,11407818391,4/15/16 0:00,4/15/16 6:28,4/15/16 21:04,4/16/16 6:30,566,0.924162257,0,0,21~0,211.369768,220.2059084,562.8001055,,
2026352035,11415575687,4/16/16 0:00,4/16/16 6:30,4/16/16 21:09,4/17/16 5:26,497,0.87751004,0,0,21~0,186.1015083,213.2300082,522.3398851,,
2026352035,11441438237,4/19/16 0:00,4/19/16 5:43,4/19/16 21:10,4/20/16 5:39,508,0.904079931,0,1,21~0,194.5500982,190.3645582,560.9398648,,
2026352035,11450431030,4/20/16 0:00,4/20/16 5:39,4/20/16 21:30,4/21/16 6:03,513,0.928015564,0,0,21~0,236.8705583,211.679808,827.3417339,,
2026352035,11459456610,4/21/16 0:00,4/21/16 6:03,4/21/16 21:06,4/22/16 6:10,544,0.95412844,0,0,21~0,197.2629482,191.0621482,556.9868548,,
2026352035,11464357502,4/22/16 0:00,4/22/16 6:10,4/22/16 20:45,4/23/16 5:58,553,0.942238267,0,0,18~21,185.9464883,188.7368482,577.7595353,,
2026352035,11473013379,4/23/16 0:00,4/23/16 5:58,4/23/16 20:49,4/24/16 6:39,590,0.939086294,0,0,18~21,221.2135379,262.2938383,1001.816745,,
2026352035,11479531689,4/24/16 0:00,4/24/16 6:39,4/24/16 21:08,4/25/16 5:58,530,0.952919021,0,0,21~0,207.7267981,211.602298,533.966385,,
2026352035,11504172158,4/27/16 0:00,4/27/16 6:50,4/27/16 21:23,4/28/16 6:27,544,0.941284404,0,0,21~0,259.5809878,185.5589383,693.9470237,,
2026352035,11512494969,4/28/16 0:00,4/28/16 6:27,4/28/16 22:25,4/29/16 6:54,509,0.960784314,0,0,21~0,235.1653378,194.7051182,839.4332922,,
2026352035,11519761551,4/29/16 0:00,4/29/16 6:54,4/29/16 20:59,4/30/16 7:05,606,0.94398682,0,0,18~21,239.350878,228.6544979,752.6220937,,
2026352035,11526325029,4/30/16 0:00,4/30/16 7:05,4/30/16 20:53,5/1/16 5:58,545,0.965201465,0,0,18~21,203.4637481,227.8018879,593.3390449,,
2026352035,11534045885,5/1/16 0:00,5/1/16 5:58,5/1/16 21:06,5/2/16 6:08,542,0.94106814,0,0,21~0,189.8994982,214.470168,623.4904351,,
2026352035,11556705027,5/4/16 0:00,5/4/16 6:44,5/4/16 21:21,5/5/16 5:25,484,0.964948454,0,0,21~0,270.5874075,223.1512879,719.1377735,,
2026352035,11564567481,5/5/16 0:00,5/5/16 5:25,5/5/16 21:20,5/6/16 6:27,547,0.95620438,0,0,21~0,262.3713475,289.0347873,992.2055014,,
2026352035,11571001413,5/6/16 0:00,5/6/16 6:27,5/6/16 21:22,5/7/16 6:02,520,0.980806142,0,0,21~0,255.8605078,236.3279878,816.4903326,,
2026352035,11578350038,5/7/16 0:00,5/7/16 6:02,5/7/16 20:58,5/8/16 6:25,567,0.952464789,0,0,18~21,215.245268,248.4970577,596.1294044,,
2026352035,11586309934,5/8/16 0:00,5/8/16 6:25,5/8/16 20:54,5/9/16 6:09,555,0.955035971,0,0,18~21,227.5693579,274.3078878,604.4229748,,
2026352035,11602073203,5/9/16 0:00,5/9/16 6:09,5/9/16 21:54,5/10/16 4:13,378,0.939338947,0,1,21~0,273.6878077,268.9596977,935.8557324,90.76171875,48.778293505501466
2026352035,11605330115,5/10/16 0:00,5/10/16 4:13,5/10/16 21:13,5/11/16 6:25,552,0.945750452,0,0,21~0,151.2995186,139.5179987,511.5659952,,
2026352035,11613084210,5/11/16 0:00,5/11/16 6:25,5/11/16 21:25,5/12/16 5:29,484,0.940206186,0,0,21~0,251.8299884,215.942858,802.771063,,
2347167796,11390804844,4/13/16 0:00,4/13/16 6:55,4/13/16 22:18,4/14/16 6:26,488,0.91002045,0,0,21~0,330.2446568,372.9478995,841.272635,79.47916667,412.80265433186844
2347167796,11404834335,4/14/16 0:00,4/14/16 6:26,4/14/16 22:27,4/15/16 6:50,503,0.896825397,0,0,21~0,217.5607775,389.2202799,947.3723156,73.44927536,94.63159717242613
2347167796,11425486430,4/17/16 0:00,4/17/16 8:55,4/17/16 21:41,4/18/16 6:57,556,0.897666068,0,0,21~0,266.3779194,342.9427578,627.4742597,78.12693247,63.57670889989918
2347167796,11438439209,4/18/16 0:00,4/18/16 6:57,4/18/16 22:09,4/19/16 6:42,513,0.904669261,0,0,21~0,346.7051579,281.6156381,809.1981743,83.1507177,363.5231558252535
2347167796,11460699660,4/21/16 0:00,4/21/16 6:17,4/21/16 23:16,4/22/16 6:56,460,0.878524946,0,0,21~0,383.1063773,270.7046773,994.4963746,84.1820918,564.7333836900809
2347167796,11468101354,4/22/16 0:00,4/22/16 6:56,4/23/16 0:20,4/23/16 6:45,385,0.968911917,0,0,0~3,175.9862563,431.8294585,954.3327523,68.19715808,15.059760805794905
2347167796,11473106301,4/23/16 0:00,4/23/16 6:45,4/23/16 23:24,4/24/16 7:02,458,0.962962963,0,0,21~0,323.7545191,441.6116965,1445.231896,81.58358434,76.6154650669907
2347167796,11485704111,4/24/16 0:00,4/24/16 7:02,4/24/16 22:47,4/25/16 6:37,470,0.919320594,0,0,21~0,318.7693372,317.6406178,1080.561274,80.84236453,116.74632970165439
2347167796,11496194770,4/25/16 0:00,4/25/16 6:37,4/25/16 22:34,4/26/16 6:43,489,0.889795918,0,0,21~0,306.9177786,293.7493779,1031.838195,80.97106825,67.31690547271278
2347167796,11496194771,4/26/16 0:00,4/26/16 6:43,4/26/16 22:44,4/27/16 7:02,498,0.897795591,0,0,21~0,238.5361588,271.8333985,894.7927731,73.33716161,65.13007108426527
2347167796,11508327337,4/27/16 0:00,4/27/16 7:02,4/27/16 22:56,4/28/16 6:25,449,0.906666667,0,0,21~0,319.6158777,260.8283761,1147.249815,80.94108405,103.08693496399086
2347167796,11511973625,4/28/16 0:00,4/28/16 6:25,4/28/16 22:59,4/29/16 6:51,472,0.868921776,0,0,21~0,236.278718,288.7641975,902.7878735,72.98024055,68.64191361778707
3977333714,11383276204,4/12/16 0:00,4/12/16 8:23,4/13/16 0:45,4/13/16 7:19,394,0.670886076,0,0,0~3,152.2750939,135.0589436,801.0077419,,
3977333714,11393928506,4/13/16 0:00,4/13/16 7:19,4/14/16 1:35,4/14/16 8:11,396,0.732997481,1,0,0~3,160.707494,137.7994736,958.7638946,,
3977333714,11402582711,4/14/16 0:00,4/14/16 8:11,4/15/16 2:05,4/15/16 11:20,554,0.762556338,0,1,0~3,151.1507733,259.3665746,774.7267651,,
3977333714,11411726685,4/15/16 0:00,4/15/16 11:20,4/16/16 0:10,4/16/16 8:39,509,0.554901961,0,0,0~3,174.8317639,180.8749837,614.932778,,
3977333714,11419539457,4/16/16 0:00,4/16/16 8:39,4/17/16 0:21,4/17/16 9:46,565,0.673144876,0,0,0~3,167.6642231,224.9342735,878.5858248,,
3977333714,11429723762,4/17/16 0:00,4/17/16 9:46,4/18/16 1:04,4/18/16 8:30,446,0.776286353,0,0,0~3,153.2588735,184.4587542,822.088741,,
3977333714,11434580717,4/18/16 0:00,4/18/16 8:30,4/19/16 1:58,4/19/16 8:32,394,0.55443038,1,0,0~3,134.4265136,137.0967737,1040.277094,,
3977333714,11443226218,4/19/16 0:00,4/19/16 8:32,4/20/16 4:52,4/20/16 8:56,244,0.485714286,0,0,3~6,126.4860034,135.0589436,1222.908826,,
3977333714,11469011466,4/20/16 0:00,4/20/16 8:56,4/20/16 23:34,4/21/16 8:05,511,0.6484375,1,0,21~0,217.2748438,213.8316134,705.72162,,
3977333714,11469011467,4/21/16 0:00,4/21/16 8:05,4/22/16 1:43,4/22/16 9:38,475,0.745798319,0,0,0~3,150.8696933,240.5342138,751.2565854,,
3977333714,11469011468,4/22/16 0:00,4/22/16 9:38,4/23/16 1:24,4/23/16 7:35,371,0.63172043,0,0,0~3,138.0805536,231.2585738,744.932283,,
3977333714,11472659114,4/23/16 0:00,4/23/16 7:35,4/24/16 0:28,4/24/16 9:13,525,0.589353612,0,0,0~3,301.5285725,217.0640343,810.0725734,,
3977333714,11485514676,4/24/16 0:00,4/24/16 9:13,4/25/16 1:15,4/25/16 9:01,466,0.561027837,0,0,0~3,333.9230424,140.9616237,841.2021838,,
3977333714,11498178822,4/25/16 0:00,4/25/16 9:01,4/26/16 3:06,4/26/16 9:16,370,0.673854447,0,0,3~6,136.9562334,165.5561236,1018.212312,,
3977333714,11498330023,4/26/16 0:00,4/26/16 9:16,4/27/16 0:39,4/27/16 9:38,539,0.646296296,0,0,0~3,259.7881942,200.7613934,714.29456,,
3977333714,11514103969,4/27/16 0:00,4/27/16 9:38,4/28/16 2:41,4/28/16 9:43,422,0.617021277,0,0,0~3,186.0046942,201.2532837,747.5322738,,
3977333714,11514103970,4/28/16 0:00,4/28/16 9:43,4/29/16 0:27,4/29/16 8:24,477,0.69665272,0,0,0~3,156.4912938,209.2640637,601.4409395,,
3977333714,11519611316,4/29/16 0:00,4/29/16 8:24,4/30/16 0:20,4/30/16 6:41,381,0.620418848,0,0,0~3,274.4746226,206.8046129,713.0999717,,
3977333714,11527687449,4/30/16 0:00,4/30/16 6:41,4/30/16 22:38,5/1/16 9:03,625,0.611821086,0,0,21~0,286.4205217,228.7288528,774.3754102,,
3977333714,11534635322,5/1/16 0:00,5/1/16 9:03,5/2/16 0:52,5/2/16 7:15,383,0.598958333,0,0,0~3,145.5994437,197.1073542,814.9914714,,
3977333714,11547934264,5/2/16 0:00,5/2/16 7:15,5/3/16 0:52,5/3/16 9:11,499,0.584,0,0,0~3,145.2480938,158.0372334,1177.795489,,
3977333714,11552949524,5/3/16 0:00,5/3/16 9:11,5/4/16 2:36,5/4/16 8:11,335,0.633928571,0,0,0~3,133.5832735,320.2203929,977.1043605,,
3977333714,11576380691,5/4/16 0:00,5/4/16 8:11,5/5/16 0:51,5/5/16 8:50,479,0.6625,0,0,0~3,519.4358444,239.9720535,570.3113328,,
3977333714,11576380692,5/5/16 0:00,5/5/16 8:50,5/6/16 0:39,5/6/16 9:10,510,0.631044099,0,1,0~3,445.1604547,196.8262737,597.0139328,,
3977333714,11576380694,5/6/16 0:00,5/6/16 9:10,5/7/16 1:07,5/7/16 8:29,442,0.534988713,0,0,0~3,161.9020835,150.2372633,933.1856135,,
3977333714,11583910495,5/7/16 0:00,5/7/16 8:29,5/8/16 2:10,5/8/16 8:44,394,0.632911392,0,0,0~3,130.7724735,143.3508036,1025.098772,,
3977333714,11597457268,5/9/16 0:00,5/8/16 15:03,5/10/16 0:46,5/10/16 8:17,451,0.690265487,0,0,0~3,497.0197107,212.9883726,1881.830633,,
4020332650,11552754875,5/3/16 0:00,5/3/16 4:43,5/3/16 23:28,5/4/16 8:23,535,0.891791045,0,0,21~0,459.6586845,260.3632157,1670.56085,84.36212625,61.09723605881253
4020332650,11557855778,5/4/16 0:00,5/4/16 8:23,5/5/16 0:36,5/5/16 4:43,247,0.911290323,0,0,0~3,696.5025636,401.7543424,2092.120955,99.71274298,80.79998880528821
4020332650,11592141407,5/5/16 0:00,5/5/16 4:43,5/6/16 0:27,5/6/16 7:14,407,0.943627451,0,0,0~3,715.4830828,264.7644923,2060.211646,90.15149639,100.57861296969877
4319703577,11439308635,4/14/16 0:00,4/14/16 7:49,4/14/16 23:28,4/15/16 7:38,490,0.947046843,0,0,21~0,323.0783978,323.0783966,1139.319033,,
4319703577,11439308636,4/15/16 0:00,4/15/16 7:38,4/16/16 0:10,4/16/16 8:51,521,0.969348659,0,0,0~3,238.6180768,301.4089165,987.3391712,,
4319703577,11439308639,4/18/16 0:00,4/18/16 7:56,4/18/16 22:49,4/19/16 7:15,496,0.925688416,0,1,21~0,181.9620037,326.6217897,560.3418803,,
4319703577,11447734147,4/19/16 0:00,4/19/16 7:15,4/19/16 22:22,4/20/16 7:24,542,0.963167587,0,0,21~0,303.1689093,282.8498206,1058.816661,,
4319703577,11501142216,4/22/16 0:00,4/22/16 7:53,4/22/16 22:59,4/23/16 11:00,721,0.958448753,0,0,21~0,260.1045716,298.0133216,782.4366024,,
4319703577,11501142219,4/23/16 0:00,4/23/16 11:00,4/24/16 0:09,4/24/16 8:29,500,0.932135729,0,0,0~3,254.1402609,303.3710897,720.9738803,,
4319703577,11501142221,4/24/16 0:00,4/24/16 8:29,4/24/16 23:10,4/25/16 7:35,505,0.964426877,0,0,21~0,242.1105511,264.9568908,799.1164494,,
4319703577,11501142223,4/25/16 0:00,4/25/16 7:35,4/25/16 23:18,4/26/16 7:53,514,0.979019393,0,1,21~0,240.796381,301.0460215,1263.422822,,
4319703577,11501142225,4/26/16 0:00,4/26/16 7:53,4/27/16 2:29,4/27/16 7:35,306,0.931596091,0,0,0~3,181.9620037,369.2817707,1354.909273,,
4319703577,11512958234,4/27/16 0:00,4/27/16 7:35,4/27/16 22:20,4/28/16 7:01,521,0.95210728,0,0,21~0,245.9519699,349.4681313,1161.22083,,
4319703577,11512958235,4/28/16 0:00,4/28/16 7:01,4/28/16 22:34,4/29/16 7:39,545,0.957875458,0,0,21~0,317.9280503,310.9528389,1209.74403,,
4319703577,11523726410,4/29/16 0:00,4/29/16 7:39,4/29/16 23:18,4/30/16 7:53,515,0.949612403,0,0,21~0,227.9579499,294.171901,1135.948331,,
4319703577,11550579238,4/30/16 0:00,4/30/16 7:53,4/30/16 23:29,5/1/16 7:48,499,0.968,0,0,21~0,333.9002695,201.8767323,1038.497568,,
4319703577,11550579239,5/1/16 0:00,5/1/16 7:48,5/1/16 22:52,5/2/16 7:17,505,0.944664032,0,0,21~0,256.9707816,232.405911,559.5331612,,
4319703577,11550579240,5/2/16 0:00,5/2/16 7:17,5/2/16 22:58,5/3/16 7:29,511,0.92578125,0,0,21~0,287.6010487,253.4326315,1203.37536,,
4319703577,11575271294,5/6/16 0:00,5/6/16 6:36,5/6/16 23:40,5/7/16 8:29,529,0.956603774,0,0,21~0,280.3225701,294.6773493,1253.819269,,
4319703577,11611314890,5/7/16 0:00,5/7/16 8:29,5/7/16 23:26,5/8/16 10:03,637,0.943573668,0,0,21~0,254.646333,328.8592844,1012.123263,,
4319703577,11611314891,5/8/16 0:00,5/8/16 10:03,5/8/16 22:41,5/9/16 8:05,564,0.946902655,0,0,21~0,233.4426305,274.9413025,588.957991,,
4319703577,11611314892,5/9/16 0:00,5/9/16 8:05,5/9/16 22:47,5/10/16 7:23,516,0.941972921,0,0,21~0,301.1935027,342.8941137,1119.353401,,
4319703577,11611314893,5/10/16 0:00,5/10/16 7:23,5/10/16 22:23,5/11/16 7:40,557,0.948028674,0,0,21~0,265.3491529,262.5219927,1177.310181,,
4319703577,11612541628,5/11/16 0:00,5/11/16 7:40,5/11/16 22:47,5/12/16 4:07,320,0.940809969,0,0,21~0,266.4598231,300.9915622,1122.685411,,
4388161847,11438827488,4/15/16 0:00,4/15/16 4:54,4/15/16 23:51,4/16/16 6:18,387,0.961340206,0,0,21~0,428.462552,554.5883584,1682.416574,78.8272957,77.43810760676119
4388161847,11438827490,4/16/16 0:00,4/16/16 6:18,4/16/16 21:56,4/17/16 6:20,504,0.962376238,1,0,21~0,363.6388428,549.2407302,1450.772893,76.95595855,36.686909154631024
4388161847,11438827491,4/17/16 0:00,4/17/16 6:20,4/17/16 13:24,4/17/16 15:39,135,0.977941176,0,0,Daytime,403.4199916,372.8993716,172.4284589,70.79254869,103.06794453043456
4388161847,11438827492,4/18/16 0:00,4/17/16 15:39,4/18/16 20:59,4/19/16 4:52,440,0.9683516,0,1,18~21,660.6279469,363.1171205,2895.937266,85.25527426,137.03331147692472
4388161847,11441459537,4/19/16 0:00,4/19/16 4:52,4/19/16 21:22,4/20/16 4:52,449,0.93345307,0,1,21~0,450.5052202,696.3657691,1267.388312,72.09904153,47.44981522973218
4388161847,11450335126,4/20/16 0:00,4/20/16 4:52,4/20/16 21:18,4/21/16 4:55,457,0.965065502,0,0,21~0,484.9387399,634.0202314,1347.863627,70.47867299,109.3042878981348
4388161847,11476527082,4/23/16 0:00,4/23/16 6:52,4/24/16 0:18,4/24/16 6:12,354,0.923943662,0,0,0~3,304.8149079,272.8595574,2202.9627,63.21912721,56.5504516473718
4388161847,11476527084,4/24/16 0:00,4/24/16 6:12,4/24/16 16:02,4/24/16 17:59,117,0.949152542,1,0,Daytime,652.150003,330.9009053,440.2012438,70.27980014,169.47308445567046
4388161847,11488358688,4/25/16 0:00,4/24/16 17:59,4/25/16 23:17,4/26/16 5:02,345,0.921965318,0,0,21~0,502.1554958,531.3718157,2997.281388,66.92340067,293.00255223357203
4388161847,11494606419,4/26/16 0:00,4/26/16 5:02,4/26/16 20:37,4/27/16 4:56,499,0.922,0,0,18~21,354.117449,662.7148319,1214.955452,64.60310613,44.369109519822246
4388161847,11502756809,4/27/16 0:00,4/27/16 4:56,4/27/16 21:22,4/28/16 4:59,457,0.934497817,0,0,21~0,577.2831804,421.0280384,1446.338274,71.5484872,125.04287228498444
4388161847,11528636846,4/30/16 0:00,4/30/16 5:54,4/30/16 22:04,5/1/16 8:00,596,0.916247906,1,0,21~0,486.2430364,286.0329857,1873.496512,68.20728745,130.8808219428286
4388161847,11565366899,5/1/16 0:00,5/1/16 8:00,5/1/16 22:08,5/2/16 0:16,374,0.975736434,0,1,21~0,348.1176661,567.631359,1215.085876,59.8200692,65.52603843234992
4388161847,11565366902,5/4/16 0:00,5/4/16 4:59,5/4/16 20:39,5/5/16 4:53,494,0.951515152,0,0,18~21,596.7172464,559.935987,1318.777735,70.40737771,321.7022888590968
4388161847,11580213577,5/7/16 0:00,5/7/16 8:18,5/8/16 1:01,5/8/16 8:06,425,0.992957746,0,0,0~3,283.4243838,675.8882604,2478.691713,56.17787611,44.408544647958955
4388161847,11595075442,5/9/16 0:00,5/8/16 12:40,5/9/16 22:48,5/10/16 5:02,374,0.96,1,0,21~0,278.7289069,831.2303952,4376.05691,59.02274795,41.09511048012774
4388161847,11603580199,5/10/16 0:00,5/10/16 5:02,5/10/16 20:45,5/11/16 4:58,493,0.95951417,0,0,18~21,520.2852665,646.8023716,1224.476845,68.24256293,72.26936258009094
4445114986,11383698423,4/12/16 0:00,4/12/16 7:15,4/13/16 1:47,4/13/16 7:11,324,0.901538462,1,0,0~3,212.6390002,232.6385612,1267.788209,,
4445114986,11394064504,4/13/16 0:00,4/13/16 7:11,4/14/16 3:05,4/14/16 11:16,491,0.896341463,1,0,3~6,258.9598216,217.9262412,1379.739769,,
4445114986,11398452309,4/14/16 0:00,4/14/16 11:16,4/15/16 0:35,4/15/16 7:14,377,0.889218481,0,1,0~3,337.0040824,275.9709429,821.2463049,,
4445114986,11410367670,4/15/16 0:00,4/15/16 7:14,4/16/16 1:36,4/16/16 9:54,498,0.925851703,0,0,0~3,267.1205604,283.5569831,1509.277144,,
4445114986,11418467379,4/16/16 0:00,4/16/16 9:54,4/17/16 2:24,4/17/16 4:10,106,0.91588785,0,0,0~3,246.6612408,321.7170619,1110.090529,,
4445114986,11477307087,4/19/16 0:00,4/19/16 6:25,4/20/16 2:57,4/20/16 10:38,461,0.95021645,1,0,0~3,219.4204599,215.7423805,1257.903369,,
4445114986,11477307088,4/20/16 0:00,4/20/16 10:38,4/21/16 3:11,4/21/16 10:59,468,0.929637527,0,0,3~6,212.6389992,259.3046427,977.9095266,,
4445114986,11477307089,4/21/16 0:00,4/21/16 10:59,4/22/16 3:17,4/22/16 10:13,416,0.930455635,0,0,3~6,245.5118411,317.8091017,1081.355524,,
4445114986,11490421616,4/25/16 0:00,4/25/16 7:36,4/26/16 2:17,4/26/16 7:13,296,0.902356902,0,0,0~3,270.9144015,215.5626044,1206.508806,,
4445114986,11498820000,4/26/16 0:00,4/26/16 7:13,4/27/16 3:48,4/27/16 10:01,373,0.887700535,1,0,3~6,244.2126012,215.3334041,1599.357602,,
4445114986,11506979487,4/27/16 0:00,4/27/16 10:01,4/28/16 4:05,4/28/16 11:26,441,0.947963801,0,0,3~6,247.6506027,266.7888001,1434.104401,,
4445114986,11513834376,4/28/16 0:00,4/28/16 11:26,4/29/16 2:55,4/29/16 4:42,107,0.981481481,0,0,0~3,221.7510034,322.1406004,1041.026399,,
4445114986,11521467406,4/29/16 0:00,4/29/16 4:42,4/30/16 2:11,4/30/16 8:03,352,0.912181303,0,0,0~3,282.832803,218.0838039,1530.139208,,
4445114986,11527350194,4/30/16 0:00,4/30/16 8:03,5/1/16 2:18,5/1/16 7:24,306,0.977198697,0,0,0~3,244.7856016,321.452999,1393.765198,,
4445114986,11533384148,5/1/16 0:00,5/1/16 7:24,5/2/16 2:12,5/2/16 11:13,541,0.92804428,1,0,0~3,237.7950023,222.0948036,1415.195397,,
4445114986,11544307514,5/2/16 0:00,5/2/16 11:13,5/3/16 1:39,5/3/16 7:03,324,0.932307692,0,0,0~3,248.6820027,300.9396,1111.390801,,
4445114986,11550884317,5/3/16 0:00,5/3/16 7:03,5/4/16 3:19,5/4/16 5:54,155,0.903846154,1,0,3~6,235.6176019,251.2032022,1694.704802,,
4445114986,11558506197,5/4/16 0:00,5/4/16 5:54,5/5/16 1:24,5/5/16 7:08,344,0.904347826,1,0,0~3,266.903402,227.0226032,1249.827605,,
4445114986,11567082662,5/5/16 0:00,5/5/16 7:08,5/6/16 2:18,5/6/16 7:08,290,0.941580756,1,0,0~3,251.7762022,220.3758035,1327.984803,,
4445114986,11572172742,5/6/16 0:00,5/6/16 7:08,5/7/16 2:52,5/7/16 7:16,264,0.905660377,1,0,0~3,267.7056022,259.5690014,1407.058799,,
4445114986,11580968626,5/7/16 0:00,5/7/16 7:16,5/8/16 2:34,5/8/16 9:04,390,0.923273657,1,0,0~3,206.280005,349.3008039,1180.494611,,
4445114986,11589147442,5/8/16 0:00,5/8/16 9:04,5/9/16 0:51,5/9/16 9:43,532,0.857410882,0,0,0~3,240.8892025,302.2002,1313.086801,,
4445114986,11598021567,5/9/16 0:00,5/9/16 9:43,5/10/16 2:57,5/10/16 10:02,425,0.950704225,0,0,0~3,241.5768033,333.9444007,1251.5466,,
4445114986,11604805541,5/10/16 0:00,5/10/16 10:02,5/11/16 1:23,5/11/16 10:12,529,0.945283019,0,0,0~3,281.2284023,278.478001,988.0811989,,
4445114986,11616251768,5/11/16 0:00,5/11/16 10:12,5/12/16 1:36,5/12/16 9:56,500,0.964071856,0,0,0~3,287.7606032,302.0856025,1290.968999,,
4702921684,11384442649,4/12/16 0:00,4/12/16 6:27,4/12/16 22:50,4/13/16 6:09,428,0.930231712,0,1,21~0,463.9449704,437.3297691,1399.679382,,
4702921684,11392839696,4/13/16 0:00,4/13/16 6:09,4/13/16 23:15,4/14/16 6:09,414,0.925301205,0,0,21~0,550.514413,365.0484859,1370.54274,,
4702921684,11405470314,4/14/16 0:00,4/14/16 6:09,4/14/16 23:34,4/15/16 3:50,256,0.984435798,0,0,21~0,398.1073651,364.7683249,1659.38771,,
4702921684,11408721562,4/15/16 0:00,4/15/16 3:50,4/16/16 0:07,4/16/16 7:12,404,0.940924925,0,1,0~3,446.2948875,252.1439981,1884.916513,,
4702921684,11418702820,4/16/16 0:00,4/16/16 7:12,4/16/16 22:04,4/17/16 8:15,611,0.965686275,0,0,21~0,535.3857704,433.9678477,1565.253955,,
4702921684,11426605512,4/17/16 0:00,4/17/16 8:15,4/17/16 21:53,4/18/16 3:04,311,0.939102564,0,0,21~0,414.0764884,527.54129,1572.81827,,
4702921684,11435468783,4/18/16 0:00,4/18/16 3:04,4/18/16 21:58,4/19/16 6:04,486,0.938398357,0,0,21~0,551.3548923,252.1439981,1775.373947,,
4702921684,11443572207,4/19/16 0:00,4/19/16 6:04,4/19/16 21:59,4/20/16 5:46,467,0.97008547,0,0,21~0,420.2400079,396.4264063,1308.62738,,
4702921684,11451457511,4/20/16 0:00,4/20/16 5:46,4/20/16 22:36,4/21/16 5:49,433,0.979262673,0,0,21~0,625.5972909,424.7225651,1402.761145,,
4702921684,11473673513,4/23/16 0:00,4/23/16 7:27,4/23/16 23:21,4/24/16 7:46,505,0.948616601,0,0,21~0,488.8792101,518.0158478,1998.381318,,
4702921684,11486893536,4/24/16 0:00,4/24/16 7:46,4/24/16 23:20,4/25/16 5:39,379,0.973684211,0,0,21~0,347.398405,485.5172881,1982.972514,,
4702921684,11494006047,4/25/16 0:00,4/25/16 5:39,4/25/16 22:41,4/26/16 5:49,428,0.981351981,0,0,21~0,576.5692918,396.9867266,1498.01554,,
4702921684,11494907989,4/26/16 0:00,4/26/16 5:49,4/26/16 22:20,4/27/16 5:48,448,0.966592428,0,0,21~0,475.4315314,397.8272052,1273.887533,,
4702921684,11517465389,4/27/16 0:00,4/27/16 5:48,4/27/16 22:17,4/28/16 5:57,460,0.958785249,0,0,21~0,562.5612923,446.2948862,1257.077939,,
4702921684,11517465390,4/28/16 0:00,4/28/16 5:57,4/28/16 22:31,4/29/16 5:57,446,0.968680089,0,0,21~0,503.7276894,369.2508849,1527.152186,,
4702921684,11521472854,4/29/16 0:00,4/29/16 5:57,4/29/16 22:28,4/30/16 6:48,500,0.956087824,0,0,21~0,569.8454535,425.2828864,1535.556987,,
4702921684,11554093366,5/3/16 0:00,5/3/16 5:03,5/3/16 22:26,5/4/16 5:39,433,0.949308756,0,0,21~0,530.6230522,512.1324869,1526.591866,,
4702921684,11562534134,5/4/16 0:00,5/4/16 5:39,5/4/16 22:48,5/5/16 5:55,427,0.96728972,0,0,21~0,546.5921724,377.095365,1495.494103,,
4702921684,11566566371,5/5/16 0:00,5/5/16 5:55,5/5/16 22:35,5/6/16 6:03,448,0.899777283,0,0,21~0,538.4675301,402.5899262,1440.582745,,
4702921684,11573168523,5/6/16 0:00,5/6/16 6:03,5/6/16 21:10,5/7/16 6:12,854,0.95669343,0,1,21~0,463.1044887,418.5590463,1208.04994,,
4702921684,11598134524,5/9/16 0:00,5/9/16 6:02,5/9/16 22:54,5/10/16 6:04,430,0.965197216,0,0,21~0,453.5790491,416.8780844,1511.743384,,
4702921684,11606986410,5/10/16 0:00,5/10/16 6:04,5/10/16 22:46,5/11/16 4:51,365,0.967213115,0,0,21~0,562.2811337,542.9500908,1448.707379,,
4702921684,11615068469,5/11/16 0:00,5/11/16 4:51,5/11/16 22:42,5/12/16 6:03,441,0.914027149,0,0,21~0,469.2680093,349.0793622,1730.268182,,
5553957443,11393617328,4/12/16 0:00,4/12/16 6:03,4/13/16 0:19,4/13/16 7:22,423,0.936320755,0,0,0~3,307.3179946,350.1867958,1052.850384,64.3961474,62.18073955319748
5553957443,11393617330,4/13/16 0:00,4/13/16 7:22,4/13/16 22:41,4/14/16 5:38,417,0.854066986,1,0,21~0,324.5387942,194.2835988,714.021992,64.35987261,39.88154388907859
5553957443,11402087310,4/14/16 0:00,4/14/16 5:38,4/14/16 23:11,4/15/16 5:59,408,0.921760391,0,0,21~0,320.0503945,367.132796,1270.583592,68.6969697,133.556623800234
5553957443,11427859713,4/15/16 0:00,4/15/16 5:59,4/15/16 23:05,4/16/16 9:19,614,0.94796748,0,0,21~0,211.9623977,320.5083971,1337.176792,64.86308316,30.56296063514911
5553957443,11427859715,4/16/16 0:00,4/16/16 9:19,4/17/16 2:19,4/17/16 9:00,401,0.870646766,1,0,0~3,231.5647957,215.2599974,1039.385183,59.58490566,13.031509908859956
5553957443,11427859716,4/17/16 0:00,4/17/16 9:00,4/17/16 23:11,4/18/16 6:40,449,0.962222222,0,0,21~0,177.6124008,168.5440013,449.7560042,61.34741784,24.737222075474783
5553957443,11436643044,4/18/16 0:00,4/18/16 6:40,4/18/16 22:00,4/19/16 4:49,409,0.870731707,1,0,21~0,238.159997,197.1231991,761.1959881,66.74533582,47.527055722070955
5553957443,11454606896,4/19/16 0:00,4/19/16 4:49,4/19/16 23:12,4/20/16 10:29,677,0.970501475,0,0,21~0,236.1447957,281.486798,1444.53199,66.56048015,37.470229718053645
5553957443,11454606897,4/20/16 0:00,4/20/16 10:29,4/20/16 22:56,4/21/16 6:06,430,0.92575406,0,0,21~0,248.1443967,237.8851976,425.6651968,61.69099099,45.26150577903649
5553957443,11458247463,4/21/16 0:00,4/21/16 6:06,4/21/16 23:55,4/22/16 5:47,352,0.912181303,0,0,21~0,296.2343971,324.0807991,1088.024791,71.47470101,82.91441462520726
5553957443,11481403120,4/22/16 0:00,4/22/16 5:47,4/23/16 0:39,4/23/16 10:51,612,0.871125612,0,0,0~3,261.5179955,351.3775964,1231.745183,65.06272727,37.75129374137276
5553957443,11481403122,4/23/16 0:00,4/23/16 10:51,4/24/16 0:45,4/24/16 10:12,567,0.852112676,1,0,0~3,269.4871951,192.817999,732.341987,67.62818182,25.083645458825874
5553957443,11481403124,4/24/16 0:00,4/24/16 10:12,4/24/16 22:06,4/25/16 5:53,467,0.925213675,1,0,21~0,226.6183956,211.5959967,365.6671989,65.31037489,32.959429789636765
5553957443,11489047768,4/25/16 0:00,4/25/16 5:53,4/25/16 22:29,4/26/16 6:01,452,0.909492274,0,0,21~0,217.824798,341.209998,1063.659193,66.79347826,25.159086994651013
5553957443,11496635316,4/26/16 0:00,4/26/16 6:01,4/26/16 23:28,4/27/16 5:58,390,0.887468031,0,0,21~0,269.4871953,354.5835972,1103.779991,69.21025641,65.62384680570527
5553957443,11506295004,4/27/16 0:00,4/27/16 5:58,4/27/16 22:23,4/28/16 5:59,455,0.921065727,0,1,21~0,220.0231974,326.7371957,952.5483878,66.22035398,37.59621953472578
5553957443,11512318711,4/28/16 0:00,4/28/16 5:59,4/28/16 21:55,4/29/16 6:09,494,0.909090909,0,0,21~0,207.1075985,322.0655985,1018.86679,64.81384471,27.719059078010023
5553957443,11534854776,4/29/16 0:00,4/29/16 6:09,4/29/16 23:31,4/30/16 11:34,723,0.919889503,0,0,21~0,214.4355955,361.4535967,1216.997582,63.5158371,31.619540624921527
5553957443,11534854778,4/30/16 0:00,4/30/16 11:34,4/30/16 23:24,5/1/16 9:36,612,0.902120718,1,0,21~0,206.0083979,195.0163989,382.5215976,64.8252149,23.20173453725587
5553957443,11534854780,5/1/16 0:00,5/1/16 9:36,5/1/16 22:03,5/2/16 5:53,470,0.86836518,1,0,21~0,247.6863974,336.9047943,505.3571951,69.90307329,54.54917397443786
5553957443,11562080784,5/2/16 0:00,5/2/16 5:53,5/2/16 22:17,5/3/16 5:25,428,0.885780886,0,0,21~0,217.9288776,331.273798,1028.135151,68.37665782,34.79428652189391
5553957443,11562080785,5/3/16 0:00,5/3/16 5:25,5/4/16 0:30,5/4/16 8:19,469,0.95106383,0,0,0~3,265.0190365,322.8778762,1266.871309,64.37542662,85.27994218159087
5553957443,11562080786,5/4/16 0:00,5/4/16 8:19,5/4/16 22:25,5/5/16 6:08,463,0.903017241,0,0,21~0,239.0099375,189.455757,697.3176515,62.62522202,23.38830550245265
5553957443,11568062398,5/5/16 0:00,5/5/16 6:08,5/5/16 22:55,5/6/16 6:08,433,0.921658986,0,0,21~0,325.2506362,356.3702961,1066.738129,68.08859784,84.06076426393385
5553957443,11586139608,5/6/16 0:00,5/6/16 6:08,5/6/16 23:09,5/7/16 6:58,469,0.940425532,0,0,21~0,234.2644172,365.4962935,922.7298494,62.93457944,21.684359019478617
5553957443,11586139609,5/7/16 0:00,5/7/16 6:58,5/7/16 23:37,5/8/16 9:44,607,0.934210526,0,0,21~0,241.7477368,175.3104567,671.1260276,64.36135812,41.38468683326761
5553957443,11586139610,5/8/16 0:00,5/8/16 9:44,5/8/16 21:51,5/9/16 6:04,493,0.917004049,0,0,21~0,293.4921575,265.5665974,541.5368347,67.93103448,99.32015557557523
5553957443,11610084415,5/9/16 0:00,5/9/16 6:04,5/9/16 22:44,5/10/16 6:06,442,0.943566591,0,0,21~0,265.7491179,375.0785967,1217.04335,69.27568922,48.94734327019398
5553957443,11610084416,5/10/16 0:00,5/10/16 6:06,5/11/16 0:20,5/11/16 8:25,485,0.952674897,0,0,0~3,330.8174965,357.3741555,1333.217328,71.07514451,60.84476185277207
5553957443,11613774989,5/11/16 0:00,5/11/16 8:25,5/11/16 21:49,5/12/16 5:43,474,0.922105263,0,0,21~0,269.1257356,242.4778168,585.3416331,69.7115903,64.25397525982275
5577150313,11386029591,4/12/16 0:00,4/12/16 5:58,4/12/16 22:09,4/13/16 5:46,457,0.943231441,0,0,21~0,531.07848,720.9886366,1539.766839,71.29608939,362.62240781343246
5577150313,11403402175,4/13/16 0:00,4/13/16 5:46,4/13/16 21:33,4/14/16 5:49,496,0.959758551,0,0,21~0,482.2481242,456.7378037,954.0602237,67.05976806,351.63124611040223
5577150313,11403402176,4/14/16 0:00,4/14/16 5:49,4/14/16 22:16,4/15/16 5:08,412,0.949152542,0,0,21~0,475.4195982,706.6874028,2311.647278,71.48327138,218.98297575986462
5577150313,11454678553,4/15/16 0:00,4/15/16 5:08,4/15/16 22:53,4/16/16 6:17,444,0.912359551,0,0,21~0,589.8560772,760.717052,2160.866433,75.29032258,465.88489274706626
5577150313,11454678554,4/16/16 0:00,4/16/16 6:17,4/16/16 20:48,4/17/16 6:30,581,0.941753004,0,1,18~21,546.0542817,751.5517823,2225.569548,73.47316043,395.70455849728734
5577150313,11454678555,4/17/16 0:00,4/17/16 6:30,4/17/16 21:52,4/18/16 7:04,552,0.952983725,0,0,21~0,556.0279988,965.3404312,2354.904956,70.69636678,393.22980504172074
5577150313,11454678556,4/18/16 0:00,4/18/16 7:04,4/18/16 22:04,4/19/16 5:48,464,0.965591398,0,0,21~0,547.182101,670.898329,1703.720346,77.86768448,208.12848788254877
5577150313,11454678557,4/19/16 0:00,4/19/16 5:48,4/19/16 22:04,4/20/16 6:03,479,0.93125,0,0,21~0,621.6140306,613.9054569,1657.46893,78.10478548,508.4307944300363
5577150313,11454678558,4/20/16 0:00,4/20/16 6:03,4/20/16 22:33,4/21/16 5:49,436,0.947368421,0,0,21~0,344.2318811,610.2407317,1652.919603,61.76611418,143.9212838003025
5577150313,11460146661,4/21/16 0:00,4/21/16 5:49,4/21/16 23:00,4/22/16 5:05,365,0.923497268,0,0,21~0,312.8921206,799.9220991,2375.756009,58.89153187,97.29108060310054
5577150313,11501330825,4/22/16 0:00,4/22/16 5:05,4/22/16 23:41,4/23/16 6:22,401,0.955223881,0,0,21~0,408.6805799,763.7802831,1675.666198,73.61866667,327.28296216742865
5577150313,11501330826,4/23/16 0:00,4/23/16 6:22,4/23/16 21:21,4/24/16 7:35,614,0.882926829,0,0,21~0,550.7204602,392.2524787,1501.907454,70.90551181,579.8964932610496
5577150313,11501330827,4/24/16 0:00,4/24/16 7:35,4/24/16 21:38,4/25/16 5:18,460,0.913232104,0,0,21~0,550.9732003,557.9235474,2490.75271,76.83365385,413.73649880031854
5577150313,11501330828,4/25/16 0:00,4/25/16 5:18,4/25/16 22:55,4/26/16 5:11,376,0.938992042,0,0,21~0,296.7167606,698.4469919,1887.841437,59.04356061,82.12132343253512
5577150313,11501330829,4/26/16 0:00,4/26/16 5:11,4/26/16 22:02,4/27/16 5:33,451,0.938053097,0,0,21~0,450.3826795,708.9356997,1373.641906,66.6663661,313.3470716469309
5577150313,11506820877,4/27/16 0:00,4/27/16 5:33,4/27/16 22:56,4/28/16 5:07,371,0.970430108,0,0,21~0,302.2770389,719.0453047,1760.586843,56.5648855,83.74745729513677
5577150313,11516051366,4/28/16 0:00,4/28/16 5:07,4/28/16 21:31,4/29/16 5:35,484,0.946391753,0,0,21~0,591.0324924,765.8022025,1633.45863,76.90220264,368.6879581676763
5577150313,11538556119,4/29/16 0:00,4/29/16 5:35,4/29/16 22:53,4/30/16 6:05,432,0.951501155,0,0,21~0,640.8222721,755.4398637,1630.93122,76.72085106,658.6494370068889
5577150313,11538556120,4/30/16 0:00,4/30/16 6:05,4/30/16 23:22,5/1/16 5:59,397,0.952261307,0,0,21~0,377.7199308,328.1828899,3279.933354,63.66420664,193.52333452112094
5577150313,11538556121,5/1/16 0:00,5/1/16 5:59,5/1/16 21:43,5/2/16 5:10,447,0.962053571,0,0,21~0,750.385061,519.3807019,2635.193614,84.53320683,626.4409665978314
5577150313,11560009515,5/2/16 0:00,5/2/16 5:10,5/2/16 21:29,5/2/16 23:13,104,0.895238095,0,0,21~0,371.4014297,740.9073105,1289.353109,,
5577150313,11560009516,5/3/16 0:00,5/2/16 23:13,5/3/16 12:25,5/3/16 21:27,542,0.935543278,0,0,Daytime,839.8550208,638.0421309,1167.153324,86.65482234,761.4929442820179
5577150313,11560009517,5/4/16 0:00,5/3/16 21:27,5/4/16 10:30,5/4/16 21:03,633,0.951104101,0,0,Daytime,612.7681307,563.9893135,889.6448047,73.52888527,421.57673004268247
5577150313,11568340140,5/5/16 0:00,5/4/16 21:03,5/5/16 13:02,5/5/16 14:19,77,0.948717949,0,0,Daytime,564.8739029,395.0326225,833.4101553,73.61590525,361.1444714514023
5577150313,11607787833,5/10/16 0:00,5/10/16 5:35,5/10/16 21:50,5/11/16 5:45,475,0.905462185,0,0,21~0,582.3129654,679.2387511,1968.718242,81.16226784,333.20652011062884
6117666160,11416558996,4/16/16 0:00,4/16/16 7:23,4/17/16 3:22,4/17/16 7:40,258,0.953667954,0,0,3~6,301.0852001,458.2273626,1917.820249,87.67551867,71.75093670811476
6117666160,11422749670,4/17/16 0:00,4/17/16 7:40,4/17/16 22:44,4/18/16 7:35,508,0.966659361,1,1,21~0,303.6834519,239.2468529,996.5847459,,
6117666160,11445412645,4/18/16 0:00,4/18/16 7:35,4/18/16 23:54,4/19/16 8:05,491,0.945121951,0,0,21~0,238.5193424,301.3969917,963.7428639,77.15260323,76.05395997914054
6117666160,11445412646,4/19/16 0:00,4/19/16 8:05,4/19/16 23:12,4/20/16 7:33,501,0.944223108,0,0,21~0,330.7052536,373.1086929,1342.775572,86.23857868,182.11068665323734
6117666160,11452486347,4/20/16 0:00,4/20/16 7:33,4/20/16 23:47,4/21/16 8:56,549,0.923636364,0,0,21~0,217.4215529,362.8196201,1464.165804,81.68501805,37.773325477132595
6117666160,11458712407,4/21/16 0:00,4/21/16 8:56,4/22/16 0:26,4/22/16 9:31,545,0.908424908,0,0,0~3,263.3586128,375.6030123,1195.714625,85.07354346,40.911412190381114
6117666160,11463701257,4/22/16 0:00,4/22/16 9:31,4/22/16 22:41,4/23/16 7:39,538,0.916512059,0,0,21~0,410.6274226,285.2878423,986.6074665,87.78588422,127.96522924901117
6117666160,11493525940,4/23/16 0:00,4/23/16 7:39,4/24/16 2:04,4/24/16 8:10,366,0.961852861,0,0,0~3,305.8659809,412.6020911,1632.844191,85.63122363,128.67554445217243
6117666160,11504747764,4/27/16 0:00,4/27/16 9:12,4/27/16 23:48,4/28/16 6:43,415,0.944711538,0,0,21~0,310.4389021,292.0432925,1382.580765,88.36971831,109.76098537286505
6117666160,11514386783,4/28/16 0:00,4/28/16 6:43,4/28/16 21:43,4/29/16 8:18,635,0.943396226,0,0,21~0,223.2416325,239.2468529,836.532548,85.83568905,64.61189217292704
6117666160,11568765045,5/5/16 0:00,5/5/16 6:49,5/5/16 22:56,5/6/16 9:08,612,0.951060359,0,0,21~0,335.3821018,371.5497408,1432.259302,88.31112916,80.0714126320973
6117666160,11576509603,5/6/16 0:00,5/6/16 9:08,5/7/16 1:01,5/7/16 7:50,409,0.985365854,1,0,0~3,236.1289527,241.9490328,890.887934,75.23166369,69.5675909681082
6117666160,11589908471,5/7/16 0:00,5/7/16 7:50,5/7/16 22:55,5/8/16 8:57,602,0.92039801,1,0,21~0,221.9944732,393.6868293,1252.564339,86.03203883,28.86874900119847
6117666160,11589908472,5/8/16 0:00,5/8/16 8:57,5/8/16 22:53,5/9/16 7:34,521,0.942528736,0,0,21~0,238.9350629,342.865063,1021.216157,86.39215686,76.94331041954283
6775888955,11397216255,4/13/16 0:00,4/13/16 7:08,4/13/16 23:53,4/14/16 7:13,440,0.959183673,0,0,21~0,470.4879977,373.4498452,973.4498757,94.57130359,94.45353657353239
6775888955,11400668739,4/14/16 0:00,4/14/16 7:13,4/15/16 0:11,4/15/16 6:56,405,0.963054187,0,0,0~3,430.7266444,379.5866448,1156.914628,88.6546081,111.67111891471691
6962181067,11383389803,4/12/16 0:00,4/12/16 6:49,4/12/16 23:56,4/13/16 9:42,551,0.911427995,0,1,21~0,173.387198,312.2416002,1130.451999,77.52590267,39.79689089139729
6962181067,11391082858,4/13/16 0:00,4/13/16 9:42,4/13/16 23:17,4/14/16 8:12,533,0.949531987,0,1,21~0,208.0431257,173.5195056,745.457814,79.13857017,58.89155873143295
6962181067,11399562896,4/14/16 0:00,4/14/16 8:12,4/15/16 0:23,4/15/16 6:48,385,0.958549223,0,0,0~3,182.4328074,196.3197574,654.9385298,70.07497566,67.7614296979279
6962181067,11408300019,4/15/16 0:00,4/15/16 6:48,4/16/16 1:36,4/16/16 7:41,365,0.975409836,0,0,0~3,174.7621208,391.0023019,911.172609,70.38274112,19.787303452097916
6962181067,11415835154,4/16/16 0:00,4/16/16 7:41,4/17/16 0:06,4/17/16 7:31,445,0.957399103,0,0,0~3,176.0733992,567.2337632,1013.940486,68.68484288,21.01899299267369
6962181067,11424306120,4/17/16 0:00,4/17/16 7:31,4/17/16 23:13,4/18/16 6:50,457,0.965065502,0,0,21~0,174.5290765,304.5070784,1095.848993,67.65488565,64.97231461915864
6962181067,11434169235,4/18/16 0:00,4/18/16 6:50,4/18/16 23:13,4/19/16 8:07,534,0.889719626,0,0,21~0,174.9920501,259.3999825,1191.646635,74.83108108,306.3182110977435
6962181067,11441506388,4/19/16 0:00,4/19/16 8:07,4/19/16 23:38,4/20/16 6:41,423,0.985849057,0,0,21~0,173.9015965,524.125075,885.1949919,74.05478088,12.671971138740288
6962181067,11449886243,4/20/16 0:00,4/20/16 6:41,4/20/16 23:10,4/21/16 6:46,456,0.986870897,0,0,21~0,230.3880681,364.7736236,1172.794842,69.86895911,207.88327751769555
6962181067,11457937567,4/21/16 0:00,4/21/16 6:46,4/21/16 23:29,4/22/16 6:43,434,0.977011494,0,0,21~0,165.6547157,336.2396389,1283.913711,68.16666667,18.257166946830623
6962181067,11464896666,4/22/16 0:00,4/22/16 6:43,4/22/16 22:46,4/23/16 7:51,545,0.967032967,0,0,21~0,176.1425958,391.6371577,1087.243553,68.7909699,67.76360341972754
6962181067,11472150478,4/23/16 0:00,4/23/16 7:51,4/24/16 0:00,4/24/16 8:33,513,0.994163424,0,0,21~0,267.3060009,567.0833988,1312.400709,75.26490714,76.95226044450303
6962181067,11479670086,4/24/16 0:00,4/24/16 8:33,4/24/16 23:53,4/25/16 6:47,414,0.963855422,0,0,21~0,182.8983022,267.0369027,786.2205077,64.125,54.5312862156358
6962181067,11488695133,4/25/16 0:00,4/25/16 6:47,4/25/16 23:13,4/26/16 6:38,445,0.988789238,0,0,21~0,177.5327461,406.9320365,1198.593273,66.90832554,26.555258340838712
6962181067,11496026553,4/26/16 0:00,4/26/16 6:38,4/26/16 22:56,4/27/16 6:42,466,0.974304069,0,0,21~0,187.330757,294.569534,1117.24282,69.95454545,43.57447438180918
6962181067,11504431352,4/27/16 0:00,4/27/16 6:42,4/27/16 23:44,4/28/16 7:16,452,0.971302428,0,0,21~0,185.9122703,290.8179919,1180.726418,63.03088235,81.39374295903666
6962181067,11511802750,4/28/16 0:00,4/28/16 7:16,4/28/16 23:12,4/29/16 6:38,446,0.968680089,0,0,21~0,173.6493996,299.8585013,1270.057395,78.58333333,110.5110442691283
6962181067,11520934806,4/29/16 0:00,4/29/16 6:38,4/30/16 1:29,4/30/16 8:32,423,0.995283019,0,0,0~3,167.5745766,336.5981988,1474.129791,69.67321016,17.089616732571788
6962181067,11526663776,4/30/16 0:00,4/30/16 8:32,5/1/16 0:24,5/1/16 7:29,425,0.964788732,0,0,0~3,161.0219958,401.5398798,999.0226375,,
6962181067,11534084699,5/1/16 0:00,5/1/16 7:29,5/1/16 22:43,5/2/16 6:44,481,0.966804979,0,0,21~0,172.5887958,296.0077733,792.2904645,70.59437751,15.372783355749746
6962181067,11542593091,5/2/16 0:00,5/2/16 6:44,5/2/16 23:50,5/3/16 6:47,416,0.942491426,0,1,21~0,198.4164026,367.7700003,1217.677508,72.77787851,37.38709640677328
6962181067,11549818349,5/3/16 0:00,5/3/16 6:47,5/3/16 23:06,5/4/16 6:40,454,0.971428571,0,0,21~0,204.077369,328.150688,1118.179511,68.74106042,42.71558356729884
6962181067,11557829052,5/4/16 0:00,5/4/16 6:40,5/4/16 23:39,5/5/16 7:49,490,0.951120163,0,0,21~0,179.3472532,317.8158561,1206.680516,69.52422907,34.92036797307671
6962181067,11564797317,5/5/16 0:00,5/5/16 7:49,5/5/16 23:22,5/6/16 7:03,461,0.958874459,0,0,21~0,161.243999,339.1498846,1103.804769,,
6962181067,11572402930,5/6/16 0:00,5/6/16 7:03,5/7/16 3:10,5/7/16 8:43,333,0.892215569,0,0,3~6,226.3707933,315.0264026,1164.014679,75.47727273,31.23060219498044
6962181067,11579365841,5/7/16 0:00,5/7/16 8:43,5/7/16 23:27,5/8/16 8:55,568,0.950790861,0,0,21~0,257.6992922,288.4012237,822.9549472,77.21677741,69.25720789973488
6962181067,11587333914,5/8/16 0:00,5/8/16 8:55,5/8/16 23:30,5/9/16 7:46,496,0.983903421,0,0,21~0,165.2354599,280.8823823,695.7612351,76.84356436,13.949685686152552
6962181067,11596233059,5/9/16 0:00,5/9/16 7:46,5/9/16 22:49,5/10/16 6:49,480,0.975051975,0,0,21~0,201.7068869,509.6418558,906.3712054,71.65576923,102.21055378244765
6962181067,11605753758,5/10/16 0:00,5/10/16 6:49,5/10/16 23:27,5/11/16 7:26,479,0.941666667,0,0,21~0,170.9054454,469.989965,1314.060938,66.76532138,15.70382553660928
6962181067,11614342249,5/11/16 0:00,5/11/16 7:26,5/11/16 23:06,5/12/16 8:00,534,0.964485981,0,0,21~0,213.3474008,442.6283389,743.4751794,75.24914384,20.985860451876245
7086361926,11384782524,4/12/16 0:00,4/12/16 6:55,4/12/16 23:00,4/13/16 6:44,464,0.969892473,0,0,21~0,301.9375607,274.6635926,1651.942495,,
7086361926,11393314816,4/13/16 0:00,4/13/16 6:44,4/13/16 22:41,4/14/16 6:36,475,0.991596639,0,0,21~0,274.3240814,294.2420026,1396.74415,,
7086361926,11402209490,4/14/16 0:00,4/14/16 6:36,4/15/16 0:19,4/15/16 6:44,385,0.976683938,0,0,0~3,348.5636003,345.5080104,1660.996096,,
7086361926,11443866261,4/19/16 0:00,4/19/16 6:44,4/19/16 22:16,4/20/16 6:37,501,0.980079681,0,0,21~0,426.3113896,272.9660419,1662.693643,,
7086361926,11452159041,4/20/16 0:00,4/20/16 6:37,4/21/16 0:06,4/21/16 6:56,410,0.948905109,0,0,0~3,268.8919189,308.8409299,1982.738404,,
7086361926,11459947346,4/21/16 0:00,4/21/16 6:56,4/21/16 23:20,4/22/16 6:47,447,0.955357143,0,0,21~0,462.0731111,276.700653,1189.19037,,
7086361926,11481756215,4/24/16 0:00,4/24/16 12:10,4/24/16 23:15,4/25/16 6:41,446,0.997762864,0,0,21~0,237.5438324,319.705251,609.7599618,,
7086361926,11491310648,4/25/16 0:00,4/25/16 6:41,4/25/16 22:25,4/26/16 6:44,499,0.97,0,0,21~0,288.4703299,292.6576236,1607.466695,,
7086361926,11498140223,4/26/16 0:00,4/26/16 6:44,4/26/16 22:46,4/27/16 6:44,477,0.97916621,0,1,21~0,230.414121,291.9786021,1708.414328,,
7086361926,11506304723,4/27/16 0:00,4/27/16 6:44,4/28/16 0:43,4/28/16 6:49,366,0.964577657,0,0,0~3,314.0467509,283.8303626,1748.589673,,
7086361926,11528444538,4/30/16 0:00,4/30/16 9:38,5/1/16 0:28,5/1/16 7:14,406,0.953316953,0,0,0~3,461.1677474,469.2028209,1363.811666,,
7086361926,11536298042,5/1/16 0:00,5/1/16 7:14,5/1/16 23:15,5/2/16 6:53,458,0.958605664,0,0,21~0,314.9521133,473.3901106,1368.677988,,
7086361926,11545051498,5/2/16 0:00,5/2/16 6:53,5/2/16 23:02,5/3/16 6:42,460,0.989154013,0,0,21~0,242.6364809,296.6185726,1673.557968,,
7086361926,11552208347,5/3/16 0:00,5/3/16 6:42,5/3/16 23:29,5/4/16 6:44,435,0.963302752,0,0,21~0,355.8064816,266.968032,1636.55138,,
7086361926,11574341026,5/6/16 0:00,5/6/16 6:47,5/7/16 0:29,5/7/16 9:36,547,0.967153285,0,0,0~3,212.8727723,343.9236333,1907.02768,,
7086361926,11581172715,5/7/16 0:00,5/7/16 9:36,5/8/16 0:06,5/8/16 8:35,509,0.943137255,0,0,0~3,364.8600792,479.1617805,1235.137385,,
7086361926,11588926929,5/8/16 0:00,5/8/16 8:35,5/8/16 23:31,5/9/16 6:48,437,0.974885845,0,0,21~0,323.4398588,286.3201033,1294.89114,,
7086361926,11615720066,5/11/16 0:00,5/11/16 6:45,5/11/16 23:09,5/12/16 6:45,456,0.971553611,0,0,21~0,243.0891596,281.5669626,1689.062261,,
8378563200,11382763276,4/12/16 0:00,4/12/16 4:14,4/12/16 20:14,4/13/16 4:23,485,0.917823171,0,1,18~21,390.0896999,929.1664836,1568.166599,,
8378563200,11391590098,4/13/16 0:00,4/13/16 4:23,4/13/16 20:40,4/14/16 4:14,454,0.931868132,0,0,18~21,393.6932998,918.0553827,2048.946899,,
8378563200,11400023617,4/14/16 0:00,4/14/16 4:14,4/14/16 21:12,4/15/16 6:04,532,0.962476548,0,0,21~0,366.0656998,909.3466829,2233.631402,,
8378563200,11409127461,4/15/16 0:00,4/15/16 6:04,4/15/16 22:47,4/16/16 7:57,550,0.896551724,0,0,21~0,377.7774013,712.6119065,1886.784902,,
8378563200,11414152053,4/16/16 0:00,4/16/16 7:57,4/16/16 21:07,4/17/16 7:07,598,0.916747399,0,1,21~0,393.0926992,386.7863989,1551.349804,,
8378563200,11424513975,4/17/16 0:00,4/17/16 7:07,4/17/16 20:49,4/18/16 4:19,449,0.882471605,1,1,18~21,381.3809999,364.2639,856.4556023,,
8378563200,11433548828,4/18/16 0:00,4/18/16 4:19,4/18/16 21:21,4/19/16 4:21,420,0.919239905,0,0,21~0,461.8614022,913.2505829,2129.427305,,
8378563200,11441710430,4/19/16 0:00,4/19/16 4:21,4/19/16 21:32,4/20/16 4:20,408,0.931540342,0,0,21~0,443.5431012,909.6469828,2103.301209,,
8378563200,11450382515,4/20/16 0:00,4/20/16 4:20,4/20/16 21:23,4/21/16 4:19,416,0.949640288,0,0,21~0,385.8854991,916.8541825,1839.037201,,
8378563200,11458449548,4/21/16 0:00,4/21/16 4:19,4/21/16 20:35,4/22/16 4:23,468,0.940298507,0,0,18~21,368.1678004,914.7520831,2238.436202,,
8378563200,11465706523,4/22/16 0:00,4/22/16 4:23,4/22/16 21:57,4/23/16 7:47,590,0.956006768,0,0,21~0,363.6632992,922.2595822,2156.754598,,
8378563200,11471818605,4/23/16 0:00,4/23/16 7:47,4/23/16 22:53,4/24/16 7:04,491,0.930894309,0,0,21~0,336.3360003,357.0567006,1385.884501,,
8378563200,11480131819,4/24/16 0:00,4/24/16 7:04,4/24/16 21:34,4/25/16 4:15,401,0.965174129,0,0,21~0,360.0597005,371.1707996,1129.728601,,
8378563200,11489307342,4/25/16 0:00,4/25/16 4:15,4/25/16 20:23,4/26/16 6:06,583,0.941780822,0,0,18~21,357.9576002,915.6529827,2000.898901,,
8378563200,11494852178,4/26/16 0:00,4/26/16 6:06,4/26/16 20:29,4/27/16 6:28,599,0.901666667,0,0,18~21,396.3959997,745.0442991,1709.607912,,
8378563200,11508037626,4/27/16 0:00,4/27/16 6:28,4/27/16 21:05,4/28/16 6:20,555,0.910071942,0,0,21~0,463.9634986,488.8884007,1206.9057,,
8378563200,11512161584,4/28/16 0:00,4/28/16 6:20,4/28/16 20:52,4/29/16 6:13,561,0.93772242,0,0,18~21,390.6903008,356.7564012,1253.4522,,
8378563200,11520206581,4/29/16 0:00,4/29/16 6:13,4/29/16 22:03,4/30/16 7:17,554,0.843243243,0,0,21~0,359.7594007,482.8823999,1382.881502,,
8378563200,11527533844,4/30/16 0:00,4/30/16 7:17,4/30/16 22:19,5/1/16 7:17,538,0.881261596,0,0,21~0,353.7533997,334.8345002,1092.191102,,
8378563200,11534586771,5/1/16 0:00,5/1/16 7:17,5/1/16 21:56,5/2/16 4:20,384,0.911688312,0,0,21~0,347.4471009,362.1618001,1784.082298,,
8378563200,11543250624,5/2/16 0:00,5/2/16 4:20,5/2/16 21:12,5/3/16 4:20,428,0.944055944,0,0,21~0,365.4650995,907.8451834,1563.361803,,
8378563200,11550654115,5/3/16 0:00,5/3/16 4:20,5/3/16 22:49,5/4/16 6:45,476,0.924528302,0,0,21~0,445.9454987,912.9502839,1913.8119,,
8378563200,11557612620,5/4/16 0:00,5/4/16 6:45,5/4/16 21:22,5/5/16 4:18,416,0.913669065,0,0,21~0,384.3839997,541.1405994,1284.383101,,
8378563200,11565147460,5/5/16 0:00,5/5/16 4:18,5/5/16 21:46,5/6/16 3:40,354,0.909859155,0,0,21~0,482.5820986,904.8421848,1766.3646,,
8378563200,11572911644,5/6/16 0:00,5/6/16 3:40,5/7/16 4:15,5/7/16 8:35,260,0.885057471,1,0,3~6,272.9727019,912.049383,2514.111603,,
8378563200,11578970640,5/7/16 0:00,5/7/16 8:35,5/7/16 22:59,5/8/16 9:04,605,0.912541254,0,0,21~0,348.9486004,337.2369012,1202.100899,,
8378563200,11587138241,5/8/16 0:00,5/8/16 9:04,5/8/16 21:45,5/9/16 4:23,397,0.900049517,0,1,21~0,375.9755998,357.0567008,885.5847001,,
8378563200,11595151537,5/9/16 0:00,5/9/16 4:23,5/9/16 21:32,5/10/16 4:02,390,0.925831202,0,0,21~0,387.387,915.9532826,1763.962198,,
8378563200,11605715978,5/10/16 0:00,5/10/16 4:02,5/10/16 21:52,5/11/16 4:18,386,0.950904393,0,0,21~0,415.3149,915.3526829,1692.791103,,
8378563200,11611590375,5/11/16 0:00,5/11/16 4:18,5/11/16 21:29,5/12/16 6:34,545,0.913919414,0,0,21~0,374.4740995,922.2595841,1855.5537,,
8792009665,11385348917,4/12/16 0:00,4/12/16 10:03,4/13/16 1:18,4/13/16 10:29,551,0.961956522,0,0,0~3,278.9853379,293.6440881,873.3097177,69.54623288,91.27121116732566
8792009665,11431161768,4/13/16 0:00,4/13/16 10:29,4/14/16 2:34,4/14/16 10:56,502,0.966202783,0,0,0~3,292.236849,251.1923479,863.8108482,75.56541629,173.5170079644551
8792009665,11431161769,4/14/16 0:00,4/14/16 10:56,4/15/16 3:17,4/15/16 9:33,376,0.962864721,0,0,3~6,250.3714582,283.9106787,859.4718592,69.01873327,67.87197018520605
8792009665,11466415426,4/22/16 0:00,4/22/16 8:48,4/23/16 3:15,4/23/16 9:14,359,0.941666667,0,0,3~6,320.4989198,278.6335286,1505.395031,72.65172736,204.18420023083368
8792009665,11510924294,4/27/16 0:00,4/27/16 9:18,4/28/16 2:43,4/28/16 9:38,415,0.966346154,0,0,0~3,300.211208,272.4182184,1018.489982,71.31202691,152.28555385345894
8792009665,11514018985,4/28/16 0:00,4/28/16 9:38,4/29/16 2:19,4/29/16 9:04,405,0.980295567,0,0,0~3,363.6542799,336.564909,1608.123549,80.64615385,125.57566395648193
8792009665,11521265607,4/29/16 0:00,4/29/16 9:04,4/30/16 2:20,4/30/16 8:19,359,0.952777778,0,0,0~3,254.3586388,492.5340112,1767.728026,77.11392405,75.97202940836046
8792009665,11528665309,4/30/16 0:00,4/30/16 8:19,5/1/16 1:04,5/1/16 9:50,526,0.954459203,0,0,0~3,257.7594682,419.2402594,1680.479137,72.67713004,61.39117308863779
8792009665,11536572725,5/1/16 0:00,5/1/16 9:50,5/2/16 2:34,5/2/16 9:36,422,0.98108747,0,0,0~3,328.35601,263.3884281,958.6822808,74.10347826,208.92313850610557
8792009665,11545482065,5/2/16 0:00,5/2/16 9:36,5/3/16 2:00,5/3/16 11:04,544,0.946788991,0,0,0~3,315.9253894,284.3797578,853.3738174,76.83735478,106.77316516537083
8792009665,11552534115,5/3/16 0:00,5/3/16 11:04,5/4/16 2:21,5/4/16 10:03,462,0.948164147,0,0,0~3,322.4925079,331.5222982,1031.037863,80.53644068,95.52793303976719
