id,log,date,wake_time,start_time,end_time,sleep_length,sleep_proportion,nap,segmented_sleep,calories_3hour_after_sleep,calories_daytime,calories_3hour_before_sleep,heartrate_3hours_before_sleep,heartrate_3hours_before_sleep_sd,start_time_category,calories_1hour_before_sleep,heartrate_1hours_before_sleep_mean,heartrate_1hours_before_sleep_sd
1503960366,11388770715,4/12/16 0:00,4/12/16 8:32,2016-04-13 03:08:00,4/13/16 8:20,312,0.926517572,0,0,324.9031405,1209.479665,158.2437954,,,3~6,47.18999862670896,,
1503960366,11421831252,4/15/16 0:00,4/15/16 10:20,2016-04-16 02:11:00,4/16/16 8:19,365,0.926488515,0,1,240.511693,806.3197765,300.9148912,,,0~3,52.38089847564695,,
1503960366,11421831254,4/16/16 0:00,4/16/16 8:19,2016-04-16 23:27:00,4/17/16 11:18,711,0.983146067,0,0,338.1949906,850.3637753,204.1753941,,,21~24,61.97619819641113,,
1503960366,11447640793,4/19/16 0:00,4/19/16 7:25,2016-04-20 02:01:00,4/20/16 8:17,376,0.954907162,0,0,298.7126918,1259.579714,226.8265934,,,0~3,53.01009845733642,,
1503960366,11455720858,4/20/16 0:00,4/20/16 8:17,2016-04-21 02:32:00,4/21/16 8:35,363,0.892857143,0,0,298.3980913,1012.854671,213.9279938,,,0~3,55.05499839782712,,
1503960366,11474187653,4/23/16 0:00,4/23/16 8:46,2016-04-24 01:57:00,4/24/16 9:25,448,0.957683742,0,0,212.3549938,1233.389264,181.9960947,,,0~3,54.11119842529297,,
1503960366,11486980511,4/24/16 0:00,4/24/16 9:25,2016-04-25 02:56:00,4/25/16 8:18,322,0.857585139,0,0,220.2199936,1083.167768,178.8500948,,,0~3,57.09989833831786,,
1503960366,11493711616,4/25/16 0:00,4/25/16 8:18,2016-04-26 03:59:00,4/26/16 8:32,273,0.894160584,0,0,301.8586912,1331.544461,181.3668947,,,3~6,64.49299812316895,,
1503960366,11517735116,4/28/16 0:00,4/28/16 8:34,2016-04-29 02:21:00,4/29/16 8:14,353,0.963276836,0,0,300.6789412,1069.797269,239.095993,,,0~3,55.21229839324949,,
1503960366,11522188936,4/29/16 0:00,4/29/16 8:14,2016-04-30 01:50:00,4/30/16 8:54,424,0.950588235,0,0,270.7132921,987.6080213,257.9719925,,,0~3,56.94259834289549,,
1503960366,11531996212,4/30/16 0:00,4/30/16 8:54,2016-05-01 02:02:00,5/1/16 8:37,395,0.931818182,0,0,199.1417942,1194.300215,243.0284929,,,0~3,62.133498191833496,,
1503960366,11540663911,5/1/16 0:00,5/1/16 8:37,2016-05-02 03:15:00,5/2/16 8:23,308,0.896440129,0,0,192.0632944,1202.558465,156.5134954,,,3~6,47.34729862213132,,
1503960366,11548039064,5/2/16 0:00,5/2/16 8:23,2016-05-03 03:39:00,5/3/16 8:34,295,0.922297297,0,0,293.1285424,1339.170783,164.5628434,,,3~6,59.07384079694748,,
1503960366,11569709241,5/5/16 0:00,5/5/16 8:39,2016-05-06 02:25:00,5/6/16 8:31,366,0.910081744,0,0,277.8658414,1198.823888,188.6299624,,,0~3,58.60500138998033,,
1503960366,11576325621,5/6/16 0:00,5/6/16 8:31,2016-05-07 02:41:00,5/7/16 8:29,348,0.948424069,0,0,290.3682426,1143.657049,163.0000437,,,0~3,46.884001493454,,
1503960366,11582776423,5/7/16 0:00,5/7/16 8:29,2016-05-08 01:32:00,5/8/16 11:42,610,0.972176759,0,0,279.9756222,970.4988087,234.8888424,,,0~3,52.66636115312578,,
1503960366,11591926984,5/8/16 0:00,5/8/16 11:42,2016-05-09 00:35:00,5/9/16 6:16,341,0.988304094,0,0,229.7316028,743.8146691,238.4832824,,,0~3,68.60692107677458,,
1503960366,11611033063,5/9/16 0:00,5/9/16 6:16,2016-05-10 01:36:00,5/10/16 8:18,402,0.950372208,0,0,203.0077229,1241.722756,151.747884,,,0~3,57.97988098859787,,
1503960366,11611033064,5/10/16 0:00,5/10/16 8:18,2016-05-11 03:08:00,5/11/16 8:13,305,0.931372549,0,0,283.0230835,1175.225612,180.3471237,,,3~6,55.47940140962602,,
1644430081,11524592517,4/30/16 0:00,4/29/16 20:39,2016-04-30 14:54:00,4/30/16 17:15,141,0.873239437,0,0,266.1638234,1559.883011,532.889761,,,daytime,144.18378043174755,,
1644430081,11548609830,5/1/16 0:00,4/30/16 17:15,2016-05-01 18:01:00,5/2/16 10:01,959,0.829006552,0,1,813.1065822,2225.714158,472.4618615,,,18~21,161.0473804473878,,
1927972279,11384336437,4/12/16 0:00,4/12/16 8:35,2016-04-13 02:23:00,4/13/16 9:24,421,0.943127962,1,0,253.9236031,1149.545603,274.7507858,,,0~3,90.976452112198,,
2026352035,11382294591,4/12/16 0:00,4/12/16 5:53,2016-04-12 20:52:00,4/13/16 6:16,564,0.939823009,0,0,205.7890481,622.0177451,207.1067181,,,18~21,70.61160933971411,,
2026352035,11391168707,4/13/16 0:00,4/13/16 6:16,2016-04-13 21:18:00,4/14/16 6:45,567,0.959507042,0,0,218.190648,639.1474543,236.405498,,,21~24,83.78830921649939,,
2026352035,11399886313,4/14/16 0:00,4/14/16 6:45,2016-04-14 20:56:00,4/15/16 6:28,572,0.912739965,0,0,247.3344077,506.7603753,213.462538,,,18~21,66.96863937377933,,
2026352035,11407818391,4/15/16 0:00,4/15/16 6:28,2016-04-15 21:04:00,4/16/16 6:30,566,0.924162257,0,0,220.2059084,562.8001055,211.369768,,,21~24,72.0067893266678,,
2026352035,11415575687,4/16/16 0:00,4/16/16 6:30,2016-04-16 21:09:00,4/17/16 5:26,497,0.87751004,0,0,213.2300082,522.3398851,186.1015083,,,21~24,65.18590939044955,,
2026352035,11441438237,4/19/16 0:00,4/19/16 5:43,2016-04-19 21:10:00,4/20/16 5:39,508,0.904079931,0,1,190.3645582,560.9398648,194.5500982,,,21~24,67.43369936943057,,
2026352035,11450431030,4/20/16 0:00,4/20/16 5:39,2016-04-20 21:30:00,4/21/16 6:03,513,0.928015564,0,0,211.679808,827.3417339,236.8705583,,,21~24,69.37144935131076,,
2026352035,11459456610,4/21/16 0:00,4/21/16 6:03,2016-04-21 21:06:00,4/22/16 6:10,544,0.95412844,0,0,191.0621482,556.9868548,197.2629482,,,21~24,73.63449931144717,,
2026352035,11464357502,4/22/16 0:00,4/22/16 6:10,2016-04-22 20:45:00,4/23/16 5:58,553,0.942238267,0,0,188.7368482,577.7595353,185.9464883,,,18~21,63.94574940204623,,
2026352035,11473013379,4/23/16 0:00,4/23/16 5:58,2016-04-23 20:49:00,4/24/16 6:39,590,0.939086294,0,0,262.2938383,1001.816745,221.2135379,,,18~21,68.5963493585587,,
2026352035,11479531689,4/24/16 0:00,4/24/16 6:39,2016-04-24 21:08:00,4/25/16 5:58,530,0.952919021,0,0,211.602298,533.966385,207.7267981,,,21~24,77.8975492715836,,
2026352035,11504172158,4/27/16 0:00,4/27/16 6:50,2016-04-27 21:23:00,4/28/16 6:27,544,0.941284404,0,0,185.5589383,693.9470237,259.5809878,,,21~24,75.95979928970341,,
2026352035,11512494969,4/28/16 0:00,4/28/16 6:27,2016-04-28 22:25:00,4/29/16 6:54,509,0.960784314,0,0,194.7051182,839.4332922,235.1653378,,,21~24,77.04493927955632,,
2026352035,11519761551,4/29/16 0:00,4/29/16 6:54,2016-04-29 20:59:00,4/30/16 7:05,606,0.94398682,0,0,228.6544979,752.6220937,239.350878,,,18~21,68.44132936000828,,
2026352035,11526325029,4/30/16 0:00,4/30/16 7:05,2016-04-30 20:53:00,5/1/16 5:58,545,0.965201465,0,0,227.8018879,593.3390449,203.4637481,,,18~21,65.49594938755037,,
2026352035,11534045885,5/1/16 0:00,5/1/16 5:58,2016-05-01 21:06:00,5/2/16 6:08,542,0.94106814,0,0,214.470168,623.4904351,189.8994982,,,21~24,67.97626936435701,,
2026352035,11556705027,5/4/16 0:00,5/4/16 6:44,2016-05-04 21:21:00,5/5/16 5:25,484,0.964948454,0,0,223.1512879,719.1377735,270.5874075,,,21~24,87.97384917736059,,
2026352035,11564567481,5/5/16 0:00,5/5/16 5:25,2016-05-05 21:20:00,5/6/16 6:27,547,0.95620438,0,0,289.0347873,992.2055014,262.3713475,,,21~24,87.58629918098453,,
2026352035,11571001413,5/6/16 0:00,5/6/16 6:27,2016-05-06 21:22:00,5/7/16 6:02,520,0.980806142,0,0,236.3279878,816.4903326,255.8605078,,,21~24,85.80356919765475,,
2026352035,11578350038,5/7/16 0:00,5/7/16 6:02,2016-05-07 20:58:00,5/8/16 6:25,567,0.952464789,0,0,248.4970577,596.1294044,215.245268,,,18~21,80.22284924983981,,
2026352035,11586309934,5/8/16 0:00,5/8/16 6:25,2016-05-08 20:54:00,5/9/16 6:09,555,0.955035971,0,0,274.3078878,604.4229748,227.5693579,,,18~21,87.27625918388375,,
2026352035,11602073203,5/9/16 0:00,5/9/16 6:09,2016-05-09 21:54:00,5/10/16 4:13,378,0.939338947,0,1,268.9596977,935.8557324,273.6878077,90.76171875,6.984145868,21~24,72.85939931869513,,
2026352035,11605330115,5/10/16 0:00,5/10/16 4:13,2016-05-10 21:13:00,5/11/16 6:25,552,0.945750452,0,0,139.5179987,511.5659952,151.2995186,,,21~24,58.28751945495608,,
2026352035,11613084210,5/11/16 0:00,5/11/16 6:25,2016-05-11 21:25:00,5/12/16 5:29,484,0.940206186,0,0,215.942858,802.771063,251.8299884,,,21~24,81.61802923679356,,
2347167796,11390804844,4/13/16 0:00,4/13/16 6:55,2016-04-13 22:18:00,4/14/16 6:26,488,0.91002045,0,0,372.9478995,841.272635,330.2446568,79.47916667,20.31754548,21~24,85.40647864341733,72.22535211267606,8.061581540525935
2347167796,11404834335,4/14/16 0:00,4/14/16 6:26,2016-04-14 22:27:00,4/15/16 6:50,503,0.896825397,0,0,389.2202799,947.3723156,217.5607775,73.44927536,9.727877321,21~24,86.25301933288574,74.66835443037975,11.672514728074061
2347167796,11425486430,4/17/16 0:00,4/17/16 8:55,2016-04-17 21:41:00,4/18/16 6:57,556,0.897666068,0,0,342.9427578,627.4742597,266.3779194,78.12693247,7.973500417,21~24,92.64909976720809,75.5935960591133,8.48061600222352
2347167796,11438439209,4/18/16 0:00,4/18/16 6:57,2016-04-18 22:09:00,4/19/16 6:42,513,0.904669261,0,0,281.6156381,809.1981743,346.7051579,83.1507177,19.06628322,21~24,68.28755897283551,69.29177718832891,5.24756896837788
2347167796,11460699660,4/21/16 0:00,4/21/16 6:17,2016-04-21 23:16:00,4/22/16 6:56,460,0.878524946,0,0,270.7046773,994.4963746,383.1063773,84.1820918,23.76411967,21~24,65.46575880050659,69.1640625,5.088425421506636
2347167796,11468101354,4/22/16 0:00,4/22/16 6:56,2016-04-23 00:20:00,4/23/16 6:45,385,0.968911917,0,0,431.8294585,954.3327523,175.9862563,68.19715808,3.880690764,0~3,60.8568188548088,66.71313672922253,4.590284747073088
2347167796,11473106301,4/23/16 0:00,4/23/16 6:45,2016-04-23 23:24:00,4/24/16 7:02,458,0.962962963,0,0,441.6116965,1445.231896,323.7545191,81.58358434,8.753026052,21~24,96.31744003295896,77.87844036697248,6.168991299548654
2347167796,11485704111,4/24/16 0:00,4/24/16 7:02,2016-04-24 22:47:00,4/25/16 6:37,470,0.919320594,0,0,317.6406178,1080.561274,318.7693372,80.84236453,10.80492155,21~24,63.20831894874571,70.04069767441861,5.956329925136001
2347167796,11496194770,4/25/16 0:00,4/25/16 6:37,2016-04-25 22:34:00,4/26/16 6:43,489,0.889795918,0,0,293.7493779,1031.838195,306.9177786,80.97106825,8.204688018,21~24,108.35711932182308,79.86946902654867,5.944924361149803
2347167796,11496194771,4/26/16 0:00,4/26/16 6:43,2016-04-26 22:44:00,4/27/16 7:02,498,0.897795591,0,0,271.8333985,894.7927731,238.5361588,73.33716161,8.070320383,21~24,63.396438956260674,67.19395465994963,4.537182382011556
2347167796,11508327337,4/27/16 0:00,4/27/16 7:02,2016-04-27 22:56:00,4/28/16 6:25,449,0.906666667,0,0,260.8283761,1147.249815,319.6158777,80.94108405,10.15317364,21~24,68.66379874944687,74.96563573883161,6.666865146944697
2347167796,11511973625,4/28/16 0:00,4/28/16 6:25,2016-04-28 22:59:00,4/29/16 6:51,472,0.868921776,0,0,288.7641975,902.7878735,236.278718,72.98024055,8.285041558,21~24,89.82729882001874,77.78125,13.108395420027765
3977333714,11383276204,4/12/16 0:00,4/12/16 8:23,2016-04-13 00:45:00,4/13/16 7:19,394,0.670886076,0,0,135.0589436,801.0077419,152.2750939,,,0~3,47.08090114593504,,
3977333714,11393928506,4/13/16 0:00,4/13/16 7:19,2016-04-14 01:35:00,4/14/16 8:11,396,0.732997481,1,0,137.7994736,958.7638946,160.707494,,,0~3,53.68628132343287,,
3977333714,11402582711,4/14/16 0:00,4/14/16 8:11,2016-04-15 02:05:00,4/15/16 11:20,554,0.762556338,0,1,259.3665746,774.7267651,151.1507733,,,0~3,51.7187211513519,,
3977333714,11411726685,4/15/16 0:00,4/15/16 11:20,2016-04-16 00:10:00,4/16/16 8:39,509,0.554901961,0,0,180.8749837,614.932778,174.8317639,,,0~3,75.2591713070869,,
3977333714,11419539457,4/16/16 0:00,4/16/16 8:39,2016-04-17 00:21:00,4/17/16 9:46,565,0.673144876,0,0,224.9342735,878.5858248,167.6642231,,,0~3,44.76199120283125,,
3977333714,11429723762,4/17/16 0:00,4/17/16 9:46,2016-04-18 01:04:00,4/18/16 8:30,446,0.776286353,0,0,184.4587542,822.088741,153.2588735,,,0~3,43.63767117261884,,
3977333714,11434580717,4/18/16 0:00,4/18/16 8:30,2016-04-19 01:58:00,4/19/16 8:32,394,0.55443038,1,0,137.0967737,1040.277094,134.4265136,,,0~3,46.51874125003812,,
3977333714,11443226218,4/19/16 0:00,4/19/16 8:32,2016-04-20 04:52:00,4/20/16 8:56,244,0.485714286,0,0,135.0589436,1222.908826,126.4860034,,,3~6,42.16200113296506,,
3977333714,11469011466,4/20/16 0:00,4/20/16 8:56,2016-04-20 23:34:00,4/21/16 8:05,511,0.6484375,1,0,213.8316134,705.72162,217.2748438,,,21~24,44.27010118961333,,
3977333714,11469011467,4/21/16 0:00,4/21/16 8:05,2016-04-22 01:43:00,4/22/16 9:38,475,0.745798319,0,0,240.5342138,751.2565854,150.8696933,,,0~3,53.82682132720944,,
3977333714,11469011468,4/22/16 0:00,4/22/16 9:38,2016-04-23 01:24:00,4/23/16 7:35,371,0.63172043,0,0,231.2585738,744.932283,138.0805536,,,0~3,52.21061128377911,,
3977333714,11472659114,4/23/16 0:00,4/23/16 7:35,2016-04-24 00:28:00,4/24/16 9:13,525,0.589353612,0,0,217.0640343,810.0725734,301.5285725,,,0~3,45.816041231155374,,
3977333714,11485514676,4/24/16 0:00,4/24/16 9:13,2016-04-25 01:15:00,4/25/16 9:01,466,0.561027837,0,0,140.9616237,841.2021838,333.9230424,,,0~3,48.20522129535672,,
3977333714,11498178822,4/25/16 0:00,4/25/16 9:01,2016-04-26 03:06:00,4/26/16 9:16,370,0.673854447,0,0,165.5561236,1018.212312,136.9562334,,,3~6,50.59440112113951,,
3977333714,11498330023,4/26/16 0:00,4/26/16 9:16,2016-04-27 00:39:00,4/27/16 9:38,539,0.646296296,0,0,200.7613934,714.29456,259.7881942,,,0~3,42.16200113296506,,
3977333714,11514103969,4/27/16 0:00,4/27/16 9:38,2016-04-28 02:41:00,4/28/16 9:43,422,0.617021277,0,0,201.2532837,747.5322738,186.0046942,,,0~3,46.0268511176109,,
3977333714,11514103970,4/28/16 0:00,4/28/16 9:43,2016-04-29 00:27:00,4/29/16 8:24,477,0.69665272,0,0,209.2640637,601.4409395,156.4912938,,,0~3,54.10790133476252,,
3977333714,11519611316,4/29/16 0:00,4/29/16 8:24,2016-04-30 00:20:00,4/30/16 6:41,381,0.620418848,0,0,206.8046129,713.0999717,274.4746226,,,0~3,75.18890070915216,,
3977333714,11527687449,4/30/16 0:00,4/30/16 6:41,2016-04-30 22:38:00,5/1/16 9:03,625,0.611821086,0,0,228.7288528,774.3754102,286.4205217,,,21~24,66.19434106349942,,
3977333714,11534635322,5/1/16 0:00,5/1/16 9:03,2016-05-02 00:52:00,5/2/16 7:15,383,0.598958333,0,0,197.1073542,814.9914714,145.5994437,,,0~3,49.47008132934568,,
3977333714,11547934264,5/2/16 0:00,5/2/16 7:15,2016-05-03 00:52:00,5/3/16 9:11,499,0.584,0,0,158.0372334,1177.795489,145.2480938,,,0~3,44.3403711915016,,
3977333714,11552949524,5/3/16 0:00,5/3/16 9:11,2016-05-04 02:36:00,5/4/16 8:11,335,0.633928571,0,0,320.2203929,977.1043605,133.5832735,,,0~3,44.27010107040403,,
3977333714,11576380691,5/4/16 0:00,5/4/16 8:11,2016-05-05 00:51:00,5/5/16 8:50,479,0.6625,0,0,239.9720535,570.3113328,519.4358444,,,0~3,145.73998081684113,,
3977333714,11576380692,5/5/16 0:00,5/5/16 8:50,2016-05-06 00:39:00,5/6/16 9:10,510,0.631044099,0,1,196.8262737,597.0139328,445.1604547,,,0~3,50.24305135011669,,
3977333714,11576380694,5/6/16 0:00,5/6/16 9:10,2016-05-07 01:07:00,5/7/16 8:29,442,0.534988713,0,0,150.2372633,933.1856135,161.9020835,,,0~3,46.30793124437329,,
3977333714,11583910495,5/7/16 0:00,5/7/16 8:29,2016-05-08 02:10:00,5/8/16 8:44,394,0.632911392,0,0,143.3508036,1025.098772,130.7724735,,,0~3,42.79443114995955,,
3977333714,11597457268,5/9/16 0:00,5/8/16 15:03,2016-05-10 00:46:00,5/10/16 8:17,451,0.690265487,0,0,212.9883726,1881.830633,497.0197107,,,0~3,118.82656997442244,,
4020332650,11552754875,5/3/16 0:00,5/3/16 4:43,2016-05-03 23:28:00,5/4/16 8:23,535,0.891791045,0,0,260.3632157,1670.56085,459.6586845,84.36212625,7.816472098,21~24,108.10644125938404,79.37540663630449,4.820771461189983
4020332650,11557855778,5/4/16 0:00,5/4/16 8:23,2016-05-05 00:36:00,5/5/16 4:43,247,0.911290323,0,0,401.7543424,2092.120955,696.5025636,99.71274298,8.988881399,0~3,122.54813873767844,88.68430034129693,6.023684814165671
4020332650,11592141407,5/5/16 0:00,5/5/16 4:43,2016-05-06 00:27:00,5/6/16 7:14,407,0.943627451,0,0,264.7644923,2060.211646,715.4830828,90.15149639,10.02888892,0~3,119.65980124473566,79.70025348542458,6.615694905751707
4319703577,11439308635,4/14/16 0:00,4/14/16 7:49,2016-04-14 23:28:00,4/15/16 7:38,490,0.947046843,0,0,323.0783966,1139.319033,323.0783978,,,21~24,143.3881614208221,,
4319703577,11439308636,4/15/16 0:00,4/15/16 7:38,2016-04-16 00:10:00,4/16/16 8:51,521,0.969348659,0,0,301.4089165,987.3391712,238.6180768,,,0~3,73.10100221633911,,
4319703577,11439308639,4/18/16 0:00,4/18/16 7:56,2016-04-18 22:49:00,4/19/16 7:15,496,0.925688416,0,1,326.6217897,560.3418803,181.9620037,,,21~24,60.6540012359622,,
4319703577,11447734147,4/19/16 0:00,4/19/16 7:15,2016-04-19 22:22:00,4/20/16 7:24,542,0.963167587,0,0,282.8498206,1058.816661,303.1689093,,,21~24,87.84720969200156,,
4319703577,11501142216,4/22/16 0:00,4/22/16 7:53,2016-04-22 22:59:00,4/23/16 11:00,721,0.958448753,0,0,298.0133216,782.4366024,260.1045716,,,21~24,100.78673028945936,,
4319703577,11501142219,4/23/16 0:00,4/23/16 11:00,2016-04-24 00:09:00,4/24/16 8:29,500,0.932135729,0,0,303.3710897,720.9738803,254.1402609,,,0~3,96.23768019676228,,
4319703577,11501142221,4/24/16 0:00,4/24/16 8:29,2016-04-24 23:10:00,4/25/16 7:35,505,0.964426877,0,0,264.9568908,799.1164494,242.1105511,,,21~24,99.77583003044148,,
4319703577,11501142223,4/25/16 0:00,4/25/16 7:35,2016-04-25 23:18:00,4/26/16 7:53,514,0.979019393,0,1,301.0460215,1263.422822,240.796381,,,21~24,104.83032989501967,,
4319703577,11501142225,4/26/16 0:00,4/26/16 7:53,2016-04-27 02:29:00,4/27/16 7:35,306,0.931596091,0,0,369.2817707,1354.909273,181.9620037,,,0~3,60.6540012359622,,
4319703577,11512958234,4/27/16 0:00,4/27/16 7:35,2016-04-27 22:20:00,4/28/16 7:01,521,0.95210728,0,0,349.4681313,1161.22083,245.9519699,,,21~24,80.26545977592488,,
4319703577,11512958235,4/28/16 0:00,4/28/16 7:01,2016-04-28 22:34:00,4/29/16 7:39,545,0.957875458,0,0,310.9528389,1209.74403,317.9280503,,,21~24,94.4180598258974,,
4319703577,11523726410,4/29/16 0:00,4/29/16 7:39,2016-04-29 23:18:00,4/30/16 7:53,515,0.949612403,0,0,294.171901,1135.948331,227.9579499,,,21~24,89.36355996131917,,
4319703577,11550579238,4/30/16 0:00,4/30/16 7:53,2016-04-30 23:29:00,5/1/16 7:48,499,0.968,0,0,201.8767323,1038.497568,333.9002695,,,21~24,84.61232972145102,,
4319703577,11550579239,5/1/16 0:00,5/1/16 7:48,2016-05-01 22:52:00,5/2/16 7:17,505,0.944664032,0,0,232.405911,559.5331612,256.9707816,,,21~24,114.7371499538423,,
4319703577,11550579240,5/2/16 0:00,5/2/16 7:17,2016-05-02 22:58:00,5/3/16 7:29,511,0.92578125,0,0,253.4326315,1203.37536,287.6010487,,,21~24,81.78181028366109,,
4319703577,11575271294,5/6/16 0:00,5/6/16 6:36,2016-05-06 23:40:00,5/7/16 8:29,529,0.956603774,0,0,294.6773493,1253.819269,280.3225701,,,21~24,93.20498037338275,,
4319703577,11611314890,5/7/16 0:00,5/7/16 8:29,2016-05-07 23:26:00,5/8/16 10:03,637,0.943573668,0,0,328.8592844,1012.123263,254.646333,,,21~24,85.31964695453655,,
4319703577,11611314891,5/8/16 0:00,5/8/16 10:03,2016-05-08 22:41:00,5/9/16 8:05,564,0.946902655,0,0,274.9413025,588.957991,233.4426305,,,21~24,92.08463728427895,,
4319703577,11611314892,5/9/16 0:00,5/9/16 8:05,2016-05-09 22:47:00,5/10/16 7:23,516,0.941972921,0,0,342.8941137,1119.353401,301.1935027,,,21~24,91.27687764167791,,
4319703577,11611314893,5/10/16 0:00,5/10/16 7:23,2016-05-10 22:23:00,5/11/16 7:40,557,0.948028674,0,0,262.5219927,1177.310181,265.3491529,,,21~24,91.07493698596964,,
4319703577,11612541628,5/11/16 0:00,5/11/16 7:40,2016-05-11 22:47:00,5/12/16 4:07,320,0.940809969,0,0,300.9915622,1122.685411,266.4598231,,,21~24,82.29054725170144,,
4388161847,11438827488,4/15/16 0:00,4/15/16 4:54,2016-04-15 23:51:00,4/16/16 6:18,387,0.961340206,0,0,554.5883584,1682.416574,428.462552,78.8272957,8.799892477,21~24,163.82008075714114,82.78869778869779,10.857544652741513
4388161847,11438827490,4/16/16 0:00,4/16/16 6:18,2016-04-16 21:56:00,4/17/16 6:20,504,0.962376238,1,0,549.2407302,1450.772893,363.6388428,76.95595855,6.056971946,21~24,140.34268021583554,75.74644549763033,8.539397263582986
4388161847,11438827491,4/17/16 0:00,4/17/16 6:20,2016-04-17 13:24:00,4/17/16 15:39,135,0.977941176,0,0,372.8993716,172.4284589,403.4199916,70.79254869,10.1522384,daytime,142.95127964019778,72.46923076923076,13.46566907445376
4388161847,11438827492,4/18/16 0:00,4/17/16 15:39,2016-04-18 20:59:00,4/19/16 4:52,440,0.9683516,0,1,363.1171205,2895.937266,660.6279469,85.25527426,11.70612282,18~21,226.81776821613315,80.48148148148148,9.864429569224196
4388161847,11441459537,4/19/16 0:00,4/19/16 4:52,2016-04-19 21:22:00,4/20/16 4:52,449,0.93345307,0,1,696.3657691,1267.388312,450.5052202,72.09904153,6.888382628,21~24,170.08072018623352,74.13615023474179,6.5909212578203515
4388161847,11450335126,4/20/16 0:00,4/20/16 4:52,2016-04-20 21:18:00,4/21/16 4:55,457,0.965065502,0,0,634.0202314,1347.863627,484.9387399,70.47867299,10.4548691,21~24,153.64654004573822,71.07177033492823,7.305240537069381
4388161847,11476527082,4/23/16 0:00,4/23/16 6:52,2016-04-24 00:18:00,4/24/16 6:12,354,0.923943662,0,0,272.8595574,2202.9627,304.8149079,63.21912721,7.520003434,0~3,90.25756037235271,65.04584527220631,3.4712557251409537
4388161847,11476527084,4/24/16 0:00,4/24/16 6:12,2016-04-24 16:02:00,4/24/16 17:59,117,0.949152542,1,0,330.9009053,440.2012438,652.150003,70.27980014,13.01818284,daytime,199.6883311271668,67.22197309417041,8.747779771439802
4388161847,11488358688,4/25/16 0:00,4/24/16 17:59,2016-04-25 23:17:00,4/26/16 5:02,345,0.921965318,0,0,531.3718157,2997.281388,502.1554958,66.92340067,17.11731732,21~24,88.43153762817383,54.12637362637363,8.860129347100235
4388161847,11494606419,4/26/16 0:00,4/26/16 5:02,2016-04-26 20:37:00,4/27/16 4:56,499,0.922,0,0,662.7148319,1214.955452,354.117449,64.60310613,6.661014151,18~21,120.64775061607368,65.14545454545454,8.285883852198342
4388161847,11502756809,4/27/16 0:00,4/27/16 4:56,2016-04-27 21:22:00,4/28/16 4:59,457,0.934497817,0,0,421.0280384,1446.338274,577.2831804,71.5484872,11.18225703,21~24,142.6904195547104,67.11954022988506,6.471451647356187
4388161847,11528636846,4/30/16 0:00,4/30/16 5:54,2016-04-30 22:04:00,5/1/16 8:00,596,0.916247906,1,0,286.0329857,1873.496512,486.2430364,68.20728745,11.44031564,21~24,135.12547969818115,64.31948051948052,9.082335174911643
4388161847,11565366899,5/1/16 0:00,5/1/16 8:00,2016-05-01 22:08:00,5/2/16 0:16,374,0.975736434,0,1,567.631359,1215.085876,348.1176661,59.8200692,8.094815528,21~24,106.4308785200119,57.46736292428199,6.446181148912151
4388161847,11565366902,5/4/16 0:00,5/4/16 4:59,2016-05-04 20:39:00,5/5/16 4:53,494,0.951515152,0,0,559.935987,1318.777735,596.7172464,70.40737771,17.93606113,18~21,132.38644957542417,62.30769230769231,8.056519530844595
4388161847,11580213577,5/7/16 0:00,5/7/16 8:18,2016-05-08 01:01:00,5/8/16 8:06,425,0.992957746,0,0,675.8882604,2478.691713,283.4243838,56.17787611,6.663973638,0~3,81.257887840271,53.320413436692505,3.4281177836345997
4388161847,11595075442,5/9/16 0:00,5/8/16 12:40,2016-05-09 22:48:00,5/10/16 5:02,374,0.96,1,0,831.2303952,4376.05691,278.7289069,59.02274795,6.410546816,21~24,86.4750884771347,55.30927835051546,4.643599300645615
4388161847,11603580199,5/10/16 0:00,5/10/16 5:02,2016-05-10 20:45:00,5/11/16 4:58,493,0.95951417,0,0,646.8023716,1224.476845,520.2852665,68.24256293,8.501138899,18~21,146.99460983276373,64.95873786407768,8.619603434418591
4445114986,11383698423,4/12/16 0:00,4/12/16 7:15,2016-04-13 01:47:00,4/13/16 7:11,324,0.901538462,1,0,232.6385612,1267.788209,212.6390002,,,0~3,68.9639997482298,,
4445114986,11394064504,4/13/16 0:00,4/13/16 7:11,2016-04-14 03:05:00,4/14/16 11:16,491,0.896341463,1,0,217.9262412,1379.739769,258.9598216,,,3~6,85.74524068832383,,
4445114986,11398452309,4/14/16 0:00,4/14/16 11:16,2016-04-15 00:35:00,4/15/16 7:14,377,0.889218481,0,1,275.9709429,821.2463049,337.0040824,,,0~3,130.45690023899067,,
4445114986,11410367670,4/15/16 0:00,4/15/16 7:14,2016-04-16 01:36:00,4/16/16 9:54,498,0.925851703,0,0,283.5569831,1509.277144,267.1205604,,,0~3,68.9639997482298,,
4445114986,11418467379,4/16/16 0:00,4/16/16 9:54,2016-04-17 02:24:00,4/17/16 4:10,106,0.91588785,0,0,321.7170619,1110.090529,246.6612408,,,0~3,82.29704022407518,,
4445114986,11477307087,4/19/16 0:00,4/19/16 6:25,2016-04-20 02:57:00,4/20/16 10:38,461,0.95021645,1,0,215.7423805,1257.903369,219.4204599,,,0~3,81.49246037006364,,
4445114986,11477307088,4/20/16 0:00,4/20/16 10:38,2016-04-21 03:11:00,4/21/16 10:59,468,0.929637527,0,0,259.3046427,977.9095266,212.6389992,,,3~6,74.71099972724897,,
4445114986,11477307089,4/21/16 0:00,4/21/16 10:59,2016-04-22 03:17:00,4/22/16 10:13,416,0.930455635,0,0,317.8091017,1081.355524,245.5118411,,,3~6,69.7685800790785,,
4445114986,11490421616,4/25/16 0:00,4/25/16 7:36,2016-04-26 02:17:00,4/26/16 7:13,296,0.902356902,0,0,215.5626044,1206.508806,270.9144015,,,0~3,93.85740041732804,,
4445114986,11498820000,4/26/16 0:00,4/26/16 7:13,2016-04-27 03:48:00,4/27/16 10:01,373,0.887700535,1,0,215.3334041,1599.357602,244.2126012,,,3~6,73.34400129318263,,
4445114986,11506979487,4/27/16 0:00,4/27/16 10:01,2016-04-28 04:05:00,4/28/16 11:26,441,0.947963801,0,0,266.7888001,1434.104401,247.6506027,,,3~6,74.83380138874082,,
4445114986,11513834376,4/28/16 0:00,4/28/16 11:26,2016-04-29 02:55:00,4/29/16 4:42,107,0.981481481,0,0,322.1406004,1041.026399,221.7510034,,,0~3,68.8746016025546,,
4445114986,11521467406,4/29/16 0:00,4/29/16 4:42,2016-04-30 02:11:00,4/30/16 8:03,352,0.912181303,0,0,218.0838039,1530.139208,282.832803,,,0~3,78.84480071067836,,
4445114986,11527350194,4/30/16 0:00,4/30/16 8:03,2016-05-01 02:18:00,5/1/16 7:24,306,0.977198697,0,0,321.452999,1393.765198,244.7856016,,,0~3,73.11480057239558,,
4445114986,11533384148,5/1/16 0:00,5/1/16 7:24,2016-05-02 02:12:00,5/2/16 11:13,541,0.92804428,1,0,222.0948036,1415.195397,237.7950023,,,0~3,78.50100064277673,,
4445114986,11544307514,5/2/16 0:00,5/2/16 11:13,2016-05-03 01:39:00,5/3/16 7:03,324,0.932307692,0,0,300.9396,1111.390801,248.6820027,,,0~3,77.92800140380885,,
4445114986,11550884317,5/3/16 0:00,5/3/16 7:03,2016-05-04 03:19:00,5/4/16 5:54,155,0.903846154,1,0,251.2032022,1694.704802,235.6176019,,,3~6,70.7082015275958,,
4445114986,11558506197,5/4/16 0:00,5/4/16 5:54,2016-05-05 01:24:00,5/5/16 7:08,344,0.904347826,1,0,227.0226032,1249.827605,266.903402,,,0~3,81.02220070362114,,
4445114986,11567082662,5/5/16 0:00,5/5/16 7:08,2016-05-06 02:18:00,5/6/16 7:08,290,0.941580756,1,0,220.3758035,1327.984803,251.7762022,,,0~3,73.8024008274081,,
4445114986,11572172742,5/6/16 0:00,5/6/16 7:08,2016-05-07 02:52:00,5/7/16 7:16,264,0.905660377,1,0,259.5690014,1407.058799,267.7056022,,,0~3,79.18860113620782,,
4445114986,11580968626,5/7/16 0:00,5/7/16 7:16,2016-05-08 02:34:00,5/8/16 9:04,390,0.923273657,1,0,349.3008039,1180.494611,206.280005,,,0~3,68.7600016593936,,
4445114986,11589147442,5/8/16 0:00,5/8/16 9:04,2016-05-09 00:51:00,5/9/16 9:43,532,0.857410882,0,0,302.2002,1313.086801,240.8892025,,,0~3,68.7600016593936,,
4445114986,11598021567,5/9/16 0:00,5/9/16 9:43,2016-05-10 02:57:00,5/10/16 10:02,425,0.950704225,0,0,333.9444007,1251.5466,241.5768033,,,0~3,78.04260087013267,,
4445114986,11604805541,5/10/16 0:00,5/10/16 10:02,2016-05-11 01:23:00,5/11/16 10:12,529,0.945283019,0,0,278.478001,988.0811989,281.2284023,,,0~3,82.97040057182335,,
4445114986,11616251768,5/11/16 0:00,5/11/16 10:12,2016-05-12 01:36:00,5/12/16 9:56,500,0.964071856,0,0,302.0856025,1290.968999,287.7606032,,,0~3,69.33300137519865,,
4702921684,11384442649,4/12/16 0:00,4/12/16 6:27,2016-04-12 22:50:00,4/13/16 6:09,428,0.930231712,0,1,437.3297691,1399.679382,463.9449704,,,21~24,128.31328320503223,,
4702921684,11392839696,4/13/16 0:00,4/13/16 6:09,2016-04-13 23:15:00,4/14/16 6:09,414,0.925301205,0,0,365.0484859,1370.54274,550.514413,,,21~24,188.8278443813323,,
4702921684,11405470314,4/14/16 0:00,4/14/16 6:09,2016-04-14 23:34:00,4/15/16 3:50,256,0.984435798,0,0,364.7683249,1659.38771,398.1073651,,,21~24,85.1686396598817,,
4702921684,11408721562,4/15/16 0:00,4/15/16 3:50,2016-04-16 00:07:00,4/16/16 7:12,404,0.940924925,0,1,252.1439981,1884.916513,446.2948875,,,0~3,87.69008028507238,,
4702921684,11418702820,4/16/16 0:00,4/16/16 7:12,2016-04-16 22:04:00,4/17/16 8:15,611,0.965686275,0,0,433.9678477,1565.253955,535.3857704,,,21~24,184.3452832698821,,
4702921684,11426605512,4/17/16 0:00,4/17/16 8:15,2016-04-17 21:53:00,4/18/16 3:04,311,0.939102564,0,0,527.54129,1572.81827,414.0764884,,,21~24,133.63632237911224,,
4702921684,11435468783,4/18/16 0:00,4/18/16 3:04,2016-04-18 21:58:00,4/19/16 6:04,486,0.938398357,0,0,252.1439981,1775.373947,551.3548923,,,21~24,145.9633635282515,,
4702921684,11443572207,4/19/16 0:00,4/19/16 6:04,2016-04-19 21:59:00,4/20/16 5:46,467,0.97008547,0,0,396.4264063,1308.62738,420.2400079,,,21~24,159.97136259078974,,
4702921684,11451457511,4/20/16 0:00,4/20/16 5:46,2016-04-20 22:36:00,4/21/16 5:49,433,0.979262673,0,0,424.7225651,1402.761145,625.5972909,,,21~24,160.53168249130238,,
4702921684,11473673513,4/23/16 0:00,4/23/16 7:27,2016-04-23 23:21:00,4/24/16 7:46,505,0.948616601,0,0,518.0158478,1998.381318,488.8792101,,,21~24,118.22752177715306,,
4702921684,11486893536,4/24/16 0:00,4/24/16 7:46,2016-04-24 23:20:00,4/25/16 5:39,379,0.973684211,0,0,485.5172881,1982.972514,347.398405,,,21~24,86.28927993774423,,
4702921684,11494006047,4/25/16 0:00,4/25/16 5:39,2016-04-25 22:41:00,4/26/16 5:49,428,0.981351981,0,0,396.9867266,1498.01554,576.5692918,,,21~24,179.3024040460586,,
4702921684,11494907989,4/26/16 0:00,4/26/16 5:49,2016-04-26 22:20:00,4/27/16 5:48,448,0.966592428,0,0,397.8272052,1273.887533,475.4315314,,,21~24,164.73408472537986,,
4702921684,11517465389,4/27/16 0:00,4/27/16 5:48,2016-04-27 22:17:00,4/28/16 5:57,460,0.958785249,0,0,446.2948862,1257.077939,562.5612923,,,21~24,162.49280369281763,,
4702921684,11517465390,4/28/16 0:00,4/28/16 5:57,2016-04-28 22:31:00,4/29/16 5:57,446,0.968680089,0,0,369.2508849,1527.152186,503.7276894,,,21~24,152.40704238414756,,
4702921684,11521472854,4/29/16 0:00,4/29/16 5:57,2016-04-29 22:28:00,4/30/16 6:48,500,0.956087824,0,0,425.2828864,1535.556987,569.8454535,,,21~24,155.48880422115317,,
4702921684,11554093366,5/3/16 0:00,5/3/16 5:03,2016-05-03 22:26:00,5/4/16 5:39,433,0.949308756,0,0,512.1324869,1526.591866,530.6230522,,,21~24,180.703203678131,,
4702921684,11562534134,5/4/16 0:00,5/4/16 5:39,2016-05-04 22:48:00,5/5/16 5:55,427,0.96728972,0,0,377.095365,1495.494103,546.5921724,,,21~24,157.73008430004106,,
4702921684,11566566371,5/5/16 0:00,5/5/16 5:55,2016-05-05 22:35:00,5/6/16 6:03,448,0.899777283,0,0,402.5899262,1440.582745,538.4675301,,,21~24,157.73008322715754,,
4702921684,11573168523,5/6/16 0:00,5/6/16 6:03,2016-05-06 21:10:00,5/7/16 6:12,854,0.95669343,0,1,418.5590463,1208.04994,463.1044887,,,21~24,136.71808302402488,,
4702921684,11598134524,5/9/16 0:00,5/9/16 6:02,2016-05-09 22:54:00,5/10/16 6:04,430,0.965197216,0,0,416.8780844,1511.743384,453.5790491,,,21~24,124.67120218276972,,
4702921684,11606986410,5/10/16 0:00,5/10/16 6:04,2016-05-10 22:46:00,5/11/16 4:51,365,0.967213115,0,0,542.9500908,1448.707379,562.2811337,,,21~24,155.76896417140944,,
4702921684,11615068469,5/11/16 0:00,5/11/16 4:51,2016-05-11 22:42:00,5/12/16 6:03,441,0.914027149,0,0,349.0793622,1730.268182,469.2680093,,,21~24,157.7300839424132,,
5553957443,11393617328,4/12/16 0:00,4/12/16 6:03,2016-04-13 00:19:00,4/13/16 7:22,423,0.936320755,0,0,350.1867958,1052.850384,307.3179946,64.3961474,7.885476495,0~3,88.66879844665529,61.318407960199,7.288710188517982
5553957443,11393617330,4/13/16 0:00,4/13/16 7:22,2016-04-13 22:41:00,4/14/16 5:38,417,0.854066986,1,0,194.2835988,714.021992,324.5387942,64.35987261,6.315183599,21~24,84.63839852809906,62.34848484848485,5.72268616464421
5553957443,11402087310,4/14/16 0:00,4/14/16 5:38,2016-04-14 23:11:00,4/15/16 5:59,408,0.921760391,0,0,367.132796,1270.583592,320.0503945,68.6969697,11.5566701,21~24,81.615598320961,61.5948051948052,4.602645754750513
5553957443,11427859713,4/15/16 0:00,4/15/16 5:59,2016-04-15 23:05:00,4/16/16 9:19,614,0.94796748,0,0,320.5083971,1337.176792,211.9623977,64.86308316,5.528377758,21~24,80.14999866485596,64.74193548387096,5.317919297493042
5553957443,11427859715,4/16/16 0:00,4/16/16 9:19,2016-04-17 02:19:00,4/17/16 9:00,401,0.870646766,1,0,215.2599974,1039.385183,231.5647957,59.58490566,3.609918269,0~3,90.95879876613616,60.01282051282051,4.879168595870751
5553957443,11427859716,4/17/16 0:00,4/17/16 9:00,2016-04-17 23:11:00,4/18/16 6:40,449,0.962222222,0,0,168.5440013,449.7560042,177.6124008,61.34741784,4.97365279,21~24,67.69239974021912,61.347417840375584,4.973652789910637
5553957443,11436643044,4/18/16 0:00,4/18/16 6:40,2016-04-18 22:00:00,4/19/16 4:49,409,0.870731707,1,0,197.1231991,761.1959881,238.159997,66.74533582,6.893986925,21~24,84.3635984659195,67.09768637532133,6.4180576271571255
5553957443,11454606896,4/19/16 0:00,4/19/16 4:49,2016-04-19 23:12:00,4/20/16 10:29,677,0.970501475,0,0,281.486798,1444.53199,236.1447957,66.56048015,6.121293141,21~24,67.41759920120239,60.515625,4.734294899717608
5553957443,11454606897,4/20/16 0:00,4/20/16 10:29,2016-04-20 22:56:00,4/21/16 6:06,430,0.92575406,0,0,237.8851976,425.6651968,248.1443967,61.69099099,6.727667187,21~24,81.2491992712021,61.69421487603306,7.0849341850676
5553957443,11458247463,4/21/16 0:00,4/21/16 6:06,2016-04-21 23:55:00,4/22/16 5:47,352,0.912181303,0,0,324.0807991,1088.024791,296.2343971,71.47470101,9.10573526,21~24,98.65319883823392,69.6236559139785,8.77869754198062
5553957443,11481403120,4/22/16 0:00,4/22/16 5:47,2016-04-23 00:39:00,4/23/16 10:51,612,0.871125612,0,0,351.3775964,1231.745183,261.5179955,65.06272727,6.144208146,0~3,90.50079762935638,66.5688775510204,5.345873544546049
5553957443,11481403122,4/23/16 0:00,4/23/16 10:51,2016-04-24 00:45:00,4/24/16 10:12,567,0.852112676,1,0,192.817999,732.341987,269.4871951,67.62818182,5.008357561,0~3,86.92839813232422,64.79100529100529,5.794099582173372
5553957443,11481403124,4/24/16 0:00,4/24/16 10:12,2016-04-24 22:06:00,4/25/16 5:53,467,0.925213675,1,0,211.5959967,365.6671989,226.6183956,65.31037489,5.741030377,21~24,79.69199800491333,63.12694300518135,6.83360295391882
5553957443,11489047768,4/25/16 0:00,4/25/16 5:53,2016-04-25 22:29:00,4/26/16 6:01,452,0.909492274,0,0,341.209998,1063.659193,217.824798,66.79347826,5.015883471,21~24,95.17239880561831,70.44021739130434,4.501493782527986
5553957443,11496635316,4/26/16 0:00,4/26/16 6:01,2016-04-26 23:28:00,4/27/16 5:58,390,0.887468031,0,0,354.5835972,1103.779991,269.4871953,69.21025641,8.100854696,21~24,90.40919852256776,67.98296836982968,7.48997391290986
5553957443,11506295004,4/27/16 0:00,4/27/16 5:58,2016-04-27 22:23:00,4/28/16 5:59,455,0.921065727,0,1,326.7371957,952.5483878,220.0231974,66.22035398,6.131575616,21~24,75.75319862365723,62.55890410958904,5.924892441561847
5553957443,11512318711,4/28/16 0:00,4/28/16 5:59,2016-04-28 21:55:00,4/29/16 6:09,494,0.909090909,0,0,322.0655985,1018.86679,207.1075985,64.81384471,5.264889275,21~24,81.70719838142395,61.62204724409449,6.22676202142383
5553957443,11534854776,4/29/16 0:00,4/29/16 6:09,2016-04-29 23:31:00,4/30/16 11:34,723,0.919889503,0,0,361.4535967,1216.997582,214.4355955,63.5158371,5.623125521,21~24,84.63839828968048,64.08571428571429,6.345555249824188
5553957443,11534854778,4/30/16 0:00,4/30/16 11:34,2016-04-30 23:24:00,5/1/16 9:36,612,0.902120718,1,0,195.0163989,382.5215976,206.0083979,64.8252149,4.816817885,21~24,69.24959862232208,61.27065527065527,4.931324872482547
5553957443,11534854780,5/1/16 0:00,5/1/16 9:36,2016-05-01 22:03:00,5/2/16 5:53,470,0.86836518,1,0,336.9047943,505.3571951,247.6863974,69.90307329,7.385741261,21~24,55.69280016422272,64.56603773584905,15.385444462421017
5553957443,11562080784,5/2/16 0:00,5/2/16 5:53,2016-05-02 22:17:00,5/3/16 5:25,428,0.885780886,0,0,331.273798,1028.135151,217.9288776,68.37665782,5.898668199,21~24,68.62751913070669,63.96448087431694,5.501316965955256
5553957443,11562080785,5/3/16 0:00,5/3/16 5:25,2016-05-04 00:30:00,5/4/16 8:19,469,0.95106383,0,0,322.8778762,1266.871309,265.0190365,64.37542662,9.234713974,0~3,93.9977993369102,64.83181818181818,10.274097131014843
5553957443,11562080786,5/4/16 0:00,5/4/16 8:19,2016-05-04 22:25:00,5/5/16 6:08,463,0.903017241,0,0,189.455757,697.3176515,239.0099375,62.62522202,4.836145728,21~24,73.00799930095664,59.91011235955056,4.295140915068731
5553957443,11568062398,5/5/16 0:00,5/5/16 6:08,2016-05-05 22:55:00,5/6/16 6:08,433,0.921658986,0,0,356.3702961,1066.738129,325.2506362,68.08859784,9.168465753,21~24,87.60959863662714,62.930946291560105,9.752466558467706
5553957443,11586139608,5/6/16 0:00,5/6/16 6:08,2016-05-06 23:09:00,5/7/16 6:58,469,0.940425532,0,0,365.4962935,922.7298494,234.2644172,62.93457944,4.656646757,21~24,96.55307888984672,,
5553957443,11586139609,5/7/16 0:00,5/7/16 6:58,2016-05-07 23:37:00,5/8/16 9:44,607,0.934210526,0,0,175.3104567,671.1260276,241.7477368,64.36135812,6.4330931,21~24,80.49131906032557,62.38861386138614,6.433470871427379
5553957443,11586139610,5/8/16 0:00,5/8/16 9:44,2016-05-08 21:51:00,5/9/16 6:04,493,0.917004049,0,0,265.5665974,541.5368347,293.4921575,67.93103448,9.965949808,21~24,90.62117916345592,65.16062176165804,8.993510134951382
5553957443,11610084415,5/9/16 0:00,5/9/16 6:04,2016-05-09 22:44:00,5/10/16 6:06,442,0.943566591,0,0,375.0785967,1217.04335,265.7491179,69.27568922,6.996237794,21~24,76.47587895393367,64.47814910025707,6.690326966289177
5553957443,11610084416,5/10/16 0:00,5/10/16 6:06,2016-05-11 00:20:00,5/11/16 8:25,485,0.952674897,0,0,357.3741555,1333.217328,330.8174965,71.07514451,7.800305241,0~3,75.3807590603828,66.09358288770053,3.97907549817655
5553957443,11613774989,5/11/16 0:00,5/11/16 8:25,2016-05-11 21:49:00,5/12/16 5:43,474,0.922105263,0,0,242.4778168,585.3416331,269.1257356,69.7115903,8.015857737,21~24,90.80369806289676,68.0,4.134591992991507
5577150313,11386029591,4/12/16 0:00,4/12/16 5:58,2016-04-12 22:09:00,4/13/16 5:46,457,0.943231441,0,0,720.9886366,1539.766839,531.07848,71.29608939,19.04264708,21~24,103.45852124691028,61.0,6.830487212165437
5577150313,11403402175,4/13/16 0:00,4/13/16 5:46,2016-04-13 21:33:00,4/14/16 5:49,496,0.959758551,0,0,456.7378037,954.0602237,482.2481242,67.05976806,18.75183314,21~24,141.98168134689345,65.14080459770115,16.519493382019792
5577150313,11403402176,4/14/16 0:00,4/14/16 5:49,2016-04-14 22:16:00,4/15/16 5:08,412,0.949152542,0,0,706.6874028,2311.647278,475.4195982,71.48327138,14.79807338,21~24,107.194880127907,62.312849162011176,6.716124852622064
5577150313,11454678553,4/15/16 0:00,4/15/16 5:08,2016-04-15 22:53:00,4/16/16 6:17,444,0.912359551,0,0,760.717052,2160.866433,589.8560772,75.29032258,21.58436686,21~24,94.97897040843984,61.40584166026134,4.554094996085456
5577150313,11454678554,4/16/16 0:00,4/16/16 6:17,2016-04-16 20:48:00,4/17/16 6:30,581,0.941753004,0,1,751.5517823,2225.569548,546.0542817,73.47316043,19.89232411,18~21,131.26547980308533,65.12806539509536,10.588293995934642
5577150313,11454678555,4/17/16 0:00,4/17/16 6:30,2016-04-17 21:52:00,4/18/16 7:04,552,0.952983725,0,0,965.3404312,2354.904956,556.0279988,70.69636678,19.83002282,21~24,293.6838811635971,90.3623595505618,19.753142421994493
5577150313,11454678556,4/18/16 0:00,4/18/16 7:04,2016-04-18 22:04:00,4/19/16 5:48,464,0.965591398,0,0,670.898329,1703.720346,547.182101,77.86768448,14.42665893,21~24,136.2268604040147,67.54263565891473,10.53639713269654
5577150313,11454678557,4/19/16 0:00,4/19/16 5:48,2016-04-19 22:04:00,4/20/16 6:03,479,0.93125,0,0,613.9054569,1657.46893,621.6140306,78.10478548,22.54841002,21~24,105.13984072208412,66.48857142857143,4.55449470546448
5577150313,11454678558,4/20/16 0:00,4/20/16 6:03,2016-04-20 22:33:00,4/21/16 5:49,436,0.947368421,0,0,610.2407317,1652.919603,344.2318811,61.76611418,11.99671971,21~24,101.60147976875297,58.11239193083573,8.458435730888795
5577150313,11460146661,4/21/16 0:00,4/21/16 5:49,2016-04-21 23:00:00,4/22/16 5:05,365,0.923497268,0,0,799.9220991,2375.756009,312.8921206,58.89153187,9.863624111,21~24,102.10695993900283,56.23011363636363,6.769792296395641
5577150313,11501330825,4/22/16 0:00,4/22/16 5:05,2016-04-22 23:41:00,4/23/16 6:22,401,0.955223881,0,0,763.7802831,1675.666198,408.6805799,73.61866667,18.09096355,21~24,183.3628690242767,72.8527918781726,21.007175675102477
5577150313,11501330826,4/23/16 0:00,4/23/16 6:22,2016-04-23 21:21:00,4/24/16 7:35,614,0.882926829,0,0,392.2524787,1501.907454,550.7204602,70.90551181,24.08104012,21~24,148.86386060714716,66.78167115902966,17.839321536296023
5577150313,11501330827,4/24/16 0:00,4/24/16 7:35,2016-04-24 21:38:00,4/25/16 5:18,460,0.913232104,0,0,557.9235474,2490.75271,550.9732003,76.83365385,20.34051373,21~24,105.3925815820694,64.1846590909091,6.633463718834298
5577150313,11501330828,4/25/16 0:00,4/25/16 5:18,2016-04-25 22:55:00,4/26/16 5:11,376,0.938992042,0,0,698.4469919,1887.841437,296.7167606,59.04356061,9.062081628,21~24,83.0250900983809,57.68271954674221,3.485548325372765
5577150313,11501330829,4/26/16 0:00,4/26/16 5:11,2016-04-26 22:02:00,4/27/16 5:33,451,0.938053097,0,0,708.9356997,1373.641906,450.3826795,66.6663661,17.70161212,21~24,93.26106023788442,56.89306358381503,5.3722430347975605
5577150313,11506820877,4/27/16 0:00,4/27/16 5:33,2016-04-27 22:56:00,4/28/16 5:07,371,0.970430108,0,0,719.0453047,1760.586843,302.2770389,56.5648855,9.151363685,21~24,98.8213398456572,52.69740634005764,4.63376264597854
5577150313,11516051366,4/28/16 0:00,4/28/16 5:07,2016-04-28 21:31:00,4/29/16 5:35,484,0.946391753,0,0,765.8022025,1633.45863,591.0324924,76.90220264,19.20124887,21~24,111.96382093429574,66.53333333333333,7.230699022677269
5577150313,11538556119,4/29/16 0:00,4/29/16 5:35,2016-04-29 22:53:00,4/30/16 6:05,432,0.951501155,0,0,755.4398637,1630.93122,640.8222721,76.72085106,25.6641664,21~24,89.59633004665363,57.79768786127168,3.381894739613176
5577150313,11538556120,4/30/16 0:00,4/30/16 6:05,2016-04-30 23:22:00,5/1/16 5:59,397,0.952261307,0,0,328.1828899,3279.933354,377.7199308,63.66420664,13.91126646,21~24,93.51380002498618,58.58734939759036,5.866713637526795
5577150313,11538556121,5/1/16 0:00,5/1/16 5:59,2016-05-01 21:43:00,5/2/16 5:10,447,0.962053571,0,0,519.3807019,2635.193614,750.385061,84.53320683,25.02880274,21~24,100.96963107585913,65.46,7.12534923489352
5577150313,11560009515,5/2/16 0:00,5/2/16 5:10,2016-05-02 21:29:00,5/2/16 23:13,104,0.895238095,0,0,740.9073105,1289.353109,371.4014297,,,21~24,108.29909062385543,,
5577150313,11560009516,5/3/16 0:00,5/2/16 23:13,2016-05-03 12:25:00,5/3/16 21:27,542,0.935543278,0,0,638.0421309,1167.153324,839.8550208,86.65482234,27.59516161,daytime,90.86003053188324,58.99423631123919,3.3331356518262782
5577150313,11560009517,5/4/16 0:00,5/3/16 21:27,2016-05-04 10:30:00,5/4/16 21:03,633,0.951104101,0,0,563.9893135,889.6448047,612.7681307,73.52888527,20.53233377,daytime,207.1204298734665,76.03886010362694,18.90842024336931
5577150313,11568340140,5/5/16 0:00,5/4/16 21:03,2016-05-05 13:02:00,5/5/16 14:19,77,0.948717949,0,0,395.0326225,833.4101553,564.8739029,73.61590525,19.0038015,daytime,260.195830821991,84.28960396039604,17.738038386419685
5577150313,11607787833,5/10/16 0:00,5/10/16 5:35,2016-05-10 21:50:00,5/11/16 5:45,475,0.905462185,0,0,679.2387511,1968.718242,582.3129654,81.16226784,18.25394533,21~24,110.57375168800364,69.66666666666667,5.827326398022291
6117666160,11416558996,4/16/16 0:00,4/16/16 7:23,2016-04-17 03:22:00,4/17/16 7:40,258,0.953667954,0,0,458.2273626,1917.820249,301.0852001,87.67551867,8.470592465,3~6,88.23656702041617,83.65356265356266,6.2133957331978324
6117666160,11422749670,4/17/16 0:00,4/17/16 7:40,2016-04-17 22:44:00,4/18/16 7:35,508,0.966659361,1,1,239.2468529,996.5847459,303.6834519,,,21~24,142.6958868503571,,
6117666160,11445412645,4/18/16 0:00,4/18/16 7:35,2016-04-18 23:54:00,4/19/16 8:05,491,0.945121951,0,0,301.3969917,963.7428639,238.5193424,77.15260323,8.720892155,21~24,84.39115762710585,80.65116279069767,10.655936458380225
6117666160,11445412646,4/19/16 0:00,4/19/16 8:05,2016-04-19 23:12:00,4/20/16 7:33,501,0.944223108,0,0,373.1086929,1342.775572,330.7052536,86.23857868,13.49483926,21~24,105.28108763694765,81.79448621553885,11.697092782911731
6117666160,11452486347,4/20/16 0:00,4/20/16 7:33,2016-04-20 23:47:00,4/21/16 8:56,549,0.923636364,0,0,362.8196201,1464.165804,217.4215529,81.68501805,6.146000771,21~24,83.8715074062348,80.06582278481012,6.598394014650536
6117666160,11458712407,4/21/16 0:00,4/21/16 8:56,2016-04-22 00:26:00,4/22/16 9:31,545,0.908424908,0,0,375.6030123,1195.714625,263.3586128,85.07354346,6.396202951,0~3,74.5178074836732,87.1622340425532,4.806413416371714
6117666160,11463701257,4/22/16 0:00,4/22/16 9:31,2016-04-22 22:41:00,4/23/16 7:39,538,0.916512059,0,0,285.2878423,986.6074665,410.6274226,87.78588422,11.31217173,21~24,98.73349738121028,77.64764267990074,8.968153337224164
6117666160,11493525940,4/23/16 0:00,4/23/16 7:39,2016-04-24 02:04:00,4/24/16 8:10,366,0.961852861,0,0,412.6020911,1632.844191,305.8659809,85.63122363,11.34352434,0~3,92.80948758125308,83.46923076923076,10.679140319668717
6117666160,11504747764,4/27/16 0:00,4/27/16 9:12,2016-04-27 23:48:00,4/28/16 6:43,415,0.944711538,0,0,292.0432925,1382.580765,310.4389021,88.36971831,10.47668771,21~24,90.00337767601016,88.36756756756756,7.343306376475296
6117666160,11514386783,4/28/16 0:00,4/28/16 6:43,2016-04-28 21:43:00,4/29/16 8:18,635,0.943396226,0,0,239.2468529,836.532548,223.2416325,85.83568905,8.038152286,21~24,62.35799789428742,100.0,0.0
6117666160,11568765045,5/5/16 0:00,5/5/16 6:49,2016-05-05 22:56:00,5/6/16 9:08,612,0.951060359,0,0,371.5497408,1432.259302,335.3821018,88.31112916,8.948263107,21~24,136.25222754478455,91.07328605200944,11.1273038652216
6117666160,11576509603,5/6/16 0:00,5/6/16 9:08,2016-05-07 01:01:00,5/7/16 7:50,409,0.985365854,1,0,241.9490328,890.887934,236.1289527,75.23166369,8.340718852,0~3,105.80073690414432,78.57411764705883,11.558293119860613
6117666160,11589908471,5/7/16 0:00,5/7/16 7:50,2016-05-07 22:55:00,5/8/16 8:57,602,0.92039801,1,0,393.6868293,1252.564339,221.9944732,86.03203883,5.372964638,21~24,66.72305774688743,83.67236467236468,4.9711516163106895
6117666160,11589908472,5/8/16 0:00,5/8/16 8:57,2016-05-08 22:53:00,5/9/16 7:34,521,0.942528736,0,0,342.865063,1021.216157,238.9350629,86.39215686,8.771733604,21~24,104.13785743713376,93.10096153846152,6.868780361281703
6775888955,11397216255,4/13/16 0:00,4/13/16 7:08,2016-04-13 23:53:00,4/14/16 7:13,440,0.959183673,0,0,373.4498452,973.4498757,470.4879977,94.57130359,9.718720933,21~24,154.95419859886152,95.34564643799472,9.075771618284353
6775888955,11400668739,4/14/16 0:00,4/14/16 7:13,2016-04-15 00:11:00,4/15/16 6:56,405,0.963054187,0,0,379.5866448,1156.914628,430.7266444,88.6546081,10.56745565,0~3,143.83124816417683,87.12051282051281,8.903558674081804
6962181067,11383389803,4/12/16 0:00,4/12/16 6:49,2016-04-12 23:56:00,4/13/16 9:42,551,0.911427995,0,1,312.2416002,1130.451999,173.387198,77.52590267,6.3084777,21~24,58.57919937372209,79.76438356164384,4.173351153746387
6962181067,11391082858,4/13/16 0:00,4/13/16 9:42,2016-04-13 23:17:00,4/14/16 8:12,533,0.949531987,0,1,173.5195056,745.457814,208.0431257,79.13857017,7.674083576,21~24,75.08662205934525,80.36745406824147,8.368260277986204
6962181067,11399562896,4/14/16 0:00,4/14/16 8:12,2016-04-15 00:23:00,4/15/16 6:48,385,0.958549223,0,0,196.3197574,654.9385298,182.4328074,70.07497566,8.231733092,0~3,55.418239414691925,65.6055900621118,2.487920936308367
6962181067,11408300019,4/15/16 0:00,4/15/16 6:48,2016-04-16 01:36:00,4/16/16 7:41,365,0.975409836,0,0,391.0023019,911.172609,174.7621208,70.38274112,4.448292195,0~3,58.73215985298155,68.78064516129032,4.2915902827781
6962181067,11415835154,4/16/16 0:00,4/16/16 7:41,2016-04-17 00:06:00,4/17/16 7:31,445,0.957399103,0,0,567.2337632,1013.940486,176.0733992,68.68484288,4.584647532,0~3,61.04123985767363,67.54838709677419,5.822655129355721
6962181067,11424306120,4/17/16 0:00,4/17/16 7:31,2016-04-17 23:13:00,4/18/16 6:50,457,0.965065502,0,0,304.5070784,1095.848993,174.5290765,67.65488565,8.060540591,21~24,58.086719036102295,67.15497076023392,2.756377063333605
6962181067,11434169235,4/18/16 0:00,4/18/16 6:50,2016-04-18 23:13:00,4/19/16 8:07,534,0.889719626,0,0,259.3999825,1191.646635,174.9920501,74.83108108,17.50194878,21~24,67.58005034923553,74.83108108108108,17.501948779156304
6962181067,11441506388,4/19/16 0:00,4/19/16 8:07,2016-04-19 23:38:00,4/20/16 6:41,423,0.985849057,0,0,524.125075,885.1949919,173.9015965,74.05478088,3.55977122,21~24,58.62455868721008,74.40243902439025,3.458304744930506
6962181067,11449886243,4/20/16 0:00,4/20/16 6:41,2016-04-20 23:10:00,4/21/16 6:46,456,0.986870897,0,0,364.7736236,1172.794842,230.3880681,69.86895911,14.41815791,21~24,62.65332889556886,63.97674418604651,4.7545632380392435
6962181067,11457937567,4/21/16 0:00,4/21/16 6:46,2016-04-21 23:29:00,4/22/16 6:43,434,0.977011494,0,0,336.2396389,1283.913711,165.6547157,68.16666667,4.272840618,21~24,55.84571850299835,66.47941176470589,4.130916560445118
6962181067,11464896666,4/22/16 0:00,4/22/16 6:43,2016-04-22 22:46:00,4/23/16 7:51,545,0.967032967,0,0,391.6371577,1087.243553,176.1425958,68.7909699,8.231865124,21~24,56.02499878406525,66.77118644067797,3.409894825995109
6962181067,11472150478,4/23/16 0:00,4/23/16 7:51,2016-04-24 00:00:00,4/24/16 8:33,513,0.994163424,0,0,567.0833988,1312.400709,267.3060009,75.26490714,8.772243752,0~3,97.4142006635666,82.07981220657277,10.031940309813532
6962181067,11479670086,4/24/16 0:00,4/24/16 8:33,2016-04-24 23:53:00,4/25/16 6:47,414,0.963855422,0,0,267.0369027,786.2205077,182.8983022,64.125,7.384530196,21~24,53.90970087051392,61.82758620689656,2.6493733544408755
6962181067,11488695133,4/25/16 0:00,4/25/16 6:47,2016-04-25 23:13:00,4/26/16 6:38,445,0.988789238,0,0,406.9320365,1198.593273,177.5327461,66.90832554,5.15317944,21~24,64.63090908527376,64.11965811965813,6.943233984858793
6962181067,11496026553,4/26/16 0:00,4/26/16 6:38,2016-04-26 22:56:00,4/27/16 6:42,466,0.974304069,0,0,294.569534,1117.24282,187.330757,69.95454545,6.601096453,21~24,53.93399834632873,,
6962181067,11504431352,4/27/16 0:00,4/27/16 6:42,2016-04-27 23:44:00,4/28/16 7:16,452,0.971302428,0,0,290.8179919,1180.726418,185.9122703,63.03088235,9.02184809,21~24,66.23740053176878,64.33333333333333,6.495094218877624
6962181067,11511802750,4/28/16 0:00,4/28/16 7:16,2016-04-28 23:12:00,4/29/16 6:38,446,0.968680089,0,0,299.8585013,1270.057395,173.6493996,78.58333333,10.51242333,21~24,53.705999851226814,,
6962181067,11520934806,4/29/16 0:00,4/29/16 6:38,2016-04-30 01:29:00,4/30/16 8:32,423,0.995283019,0,0,336.5981988,1474.129791,167.5745766,69.67321016,4.133958966,0~3,55.15362876653673,68.1386430678466,3.344377855752097
6962181067,11526663776,4/30/16 0:00,4/30/16 8:32,2016-05-01 00:24:00,5/1/16 7:29,425,0.964788732,0,0,401.5398798,999.0226375,161.0219958,,,0~3,53.75399851799011,,
6962181067,11534084699,5/1/16 0:00,5/1/16 7:29,2016-05-01 22:43:00,5/2/16 6:44,481,0.966804979,0,0,296.0077733,792.2904645,172.5887958,70.59437751,3.920814119,21~24,54.38344842195509,74.64102564102564,12.988835650355918
6962181067,11542593091,5/2/16 0:00,5/2/16 6:44,2016-05-02 23:50:00,5/3/16 6:47,416,0.942491426,0,1,367.7700003,1217.677508,198.4164026,72.77787851,6.114498868,21~24,69.33810073137285,70.26385224274406,4.723468026813812
6962181067,11549818349,5/3/16 0:00,5/3/16 6:47,2016-05-03 23:06:00,5/4/16 6:40,454,0.971428571,0,0,328.150688,1118.179511,204.077369,68.74106042,6.535715995,21~24,55.51118868589403,65.8970588235294,7.879957015342935
6962181067,11557829052,5/4/16 0:00,5/4/16 6:40,2016-05-04 23:39:00,5/5/16 7:49,490,0.951120163,0,0,317.8158561,1206.680516,179.3472532,69.52422907,5.909345816,21~24,63.68840122222901,68.1413043478261,5.593557059945785
6962181067,11564797317,5/5/16 0:00,5/5/16 7:49,2016-05-05 23:22:00,5/6/16 7:03,461,0.958874459,0,0,339.1498846,1103.804769,161.243999,,,21~24,53.74799966812134,,
6962181067,11572402930,5/6/16 0:00,5/6/16 7:03,2016-05-07 03:10:00,5/7/16 8:43,333,0.892215569,0,0,315.0264026,1164.014679,226.3707933,75.47727273,5.588434682,3~6,90.40510153770448,78.73924731182795,6.010706303548108
6962181067,11579365841,5/7/16 0:00,5/7/16 8:43,2016-05-07 23:27:00,5/8/16 8:55,568,0.950790861,0,0,288.4012237,822.9549472,257.6992922,77.21677741,8.322091558,21~24,89.5100009441376,77.55528255528256,9.11590746025357
6962181067,11587333914,5/8/16 0:00,5/8/16 8:55,2016-05-08 23:30:00,5/9/16 7:46,496,0.983903421,0,0,280.8823823,695.7612351,165.2354599,76.84356436,3.734927802,21~24,56.83884996175766,76.43103448275862,2.9721787909508617
6962181067,11596233059,5/9/16 0:00,5/9/16 7:46,2016-05-09 22:49:00,5/10/16 6:49,480,0.975051975,0,0,509.6418558,906.3712054,201.7068869,71.65576923,10.10992353,21~24,62.59868878126146,70.1989247311828,5.227771468609936
6962181067,11605753758,5/10/16 0:00,5/10/16 6:49,2016-05-10 23:27:00,5/11/16 7:26,479,0.941666667,0,0,469.989965,1314.060938,170.9054454,66.76532138,3.962805261,21~24,59.49240177869796,67.58997050147492,3.461540982779006
6962181067,11614342249,5/11/16 0:00,5/11/16 7:26,2016-05-11 23:06:00,5/12/16 8:00,534,0.964485981,0,0,442.6283389,743.4751794,213.3474008,75.24914384,4.581032684,21~24,60.22338062524794,71.58423913043478,3.8356525497195872
7086361926,11384782524,4/12/16 0:00,4/12/16 6:55,2016-04-12 23:00:00,4/13/16 6:44,464,0.969892473,0,0,274.6635926,1651.942495,301.9375607,,,21~24,95.51547992229456,,
7086361926,11393314816,4/13/16 0:00,4/13/16 6:44,2016-04-13 22:41:00,4/14/16 6:36,475,0.991596639,0,0,294.2420026,1396.74415,274.3240814,,,21~24,88.15943098068229,,
7086361926,11402209490,4/14/16 0:00,4/14/16 6:36,2016-04-15 00:19:00,4/15/16 6:44,385,0.976683938,0,0,345.5080104,1660.996096,348.5636003,,,0~3,187.29635083675385,,
7086361926,11443866261,4/19/16 0:00,4/19/16 6:44,2016-04-19 22:16:00,4/20/16 6:37,501,0.980079681,0,0,272.9660419,1662.693643,426.3113896,,,21~24,92.91256940364832,,
7086361926,11452159041,4/20/16 0:00,4/20/16 6:37,2016-04-21 00:06:00,4/21/16 6:56,410,0.948905109,0,0,308.8409299,1982.738404,268.8919189,,,0~3,87.48041021823877,,
7086361926,11459947346,4/21/16 0:00,4/21/16 6:56,2016-04-21 23:20:00,4/22/16 6:47,447,0.955357143,0,0,276.700653,1189.19037,462.0731111,,,21~24,168.17062067985538,,
7086361926,11481756215,4/24/16 0:00,4/24/16 12:10,2016-04-24 23:15:00,4/25/16 6:41,446,0.997762864,0,0,319.705251,609.7599618,237.5438324,,,21~24,80.0111907720565,,
7086361926,11491310648,4/25/16 0:00,4/25/16 6:41,2016-04-25 22:25:00,4/26/16 6:44,499,0.97,0,0,292.6576236,1607.466695,288.4703299,,,21~24,80.23753046989432,,
7086361926,11498140223,4/26/16 0:00,4/26/16 6:44,2016-04-26 22:46:00,4/27/16 6:44,477,0.97916621,0,1,291.9786021,1708.414328,230.414121,,,21~24,72.08929109573353,,
7086361926,11506304723,4/27/16 0:00,4/27/16 6:44,2016-04-28 00:43:00,4/28/16 6:49,366,0.964577657,0,0,283.8303626,1748.589673,314.0467509,,,0~3,136.25668048858637,,
7086361926,11528444538,4/30/16 0:00,4/30/16 9:38,2016-05-01 00:28:00,5/1/16 7:14,406,0.953316953,0,0,469.2028209,1363.811666,461.1677474,,,0~3,212.5332574844361,,
7086361926,11536298042,5/1/16 0:00,5/1/16 7:14,2016-05-01 23:15:00,5/2/16 6:53,458,0.958605664,0,0,473.3901106,1368.677988,314.9521133,,,21~24,77.63462138175953,,
7086361926,11545051498,5/2/16 0:00,5/2/16 6:53,2016-05-02 23:02:00,5/3/16 6:42,460,0.989154013,0,0,296.6185726,1673.557968,242.6364809,,,21~24,88.38577127456657,,
7086361926,11552208347,5/3/16 0:00,5/3/16 6:42,2016-05-03 23:29:00,5/4/16 6:44,435,0.963302752,0,0,266.968032,1636.55138,355.8064816,,,21~24,112.71732068061824,,
7086361926,11574341026,5/6/16 0:00,5/6/16 6:47,2016-05-07 00:29:00,5/7/16 9:36,547,0.967153285,0,0,343.9236333,1907.02768,212.8727723,,,0~3,68.80736088752735,,
7086361926,11581172715,5/7/16 0:00,5/7/16 9:36,2016-05-08 00:06:00,5/8/16 8:35,509,0.943137255,0,0,479.1617805,1235.137385,364.8600792,,,0~3,73.33415985107413,,
7086361926,11588926929,5/8/16 0:00,5/8/16 8:35,2016-05-08 23:31:00,5/9/16 6:48,437,0.974885845,0,0,286.3201033,1294.89114,323.4398588,,,21~24,150.74243903160095,,
7086361926,11615720066,5/11/16 0:00,5/11/16 6:45,2016-05-11 23:09:00,5/12/16 6:45,456,0.971553611,0,0,281.5669626,1689.062261,243.0891596,,,21~24,75.8239006996154,,
8378563200,11382763276,4/12/16 0:00,4/12/16 4:14,2016-04-12 20:14:00,4/13/16 4:23,485,0.917823171,0,1,929.1664836,1568.166599,390.0896999,,,18~21,163.6634994745255,,
8378563200,11391590098,4/13/16 0:00,4/13/16 4:23,2016-04-13 20:40:00,4/14/16 4:14,454,0.931868132,0,0,918.0553827,2048.946899,393.6932998,,,18~21,148.948799610138,,
8378563200,11400023617,4/14/16 0:00,4/14/16 4:14,2016-04-14 21:12:00,4/15/16 6:04,532,0.962476548,0,0,909.3466829,2233.631402,366.0656998,,,21~24,124.0239000320435,,
8378563200,11409127461,4/15/16 0:00,4/15/16 6:04,2016-04-15 22:47:00,4/16/16 7:57,550,0.896551724,0,0,712.6119065,1886.784902,377.7774013,,,21~24,186.18600022792825,,
8378563200,11414152053,4/16/16 0:00,4/16/16 7:57,2016-04-16 21:07:00,4/17/16 7:07,598,0.916747399,0,1,386.7863989,1551.349804,393.0926992,,,21~24,112.91280031204226,,
8378563200,11424513975,4/17/16 0:00,4/17/16 7:07,2016-04-17 20:49:00,4/18/16 4:19,449,0.882471605,1,1,364.2639,856.4556023,381.3809999,,,18~21,117.71760022640233,,
8378563200,11433548828,4/18/16 0:00,4/18/16 4:19,2016-04-18 21:21:00,4/19/16 4:21,420,0.919239905,0,0,913.2505829,2129.427305,461.8614022,,,21~24,125.2251002788544,,
8378563200,11441710430,4/19/16 0:00,4/19/16 4:21,2016-04-19 21:32:00,4/20/16 4:20,408,0.931540342,0,0,909.6469828,2103.301209,443.5431012,,,21~24,188.5884001255036,,
8378563200,11450382515,4/20/16 0:00,4/20/16 4:20,2016-04-20 21:23:00,4/21/16 4:19,416,0.949640288,0,0,916.8541825,1839.037201,385.8854991,,,21~24,115.01489996910104,,
8378563200,11458449548,4/21/16 0:00,4/21/16 4:19,2016-04-21 20:35:00,4/22/16 4:23,468,0.940298507,0,0,914.7520831,2238.436202,368.1678004,,,18~21,121.02090024948129,,
8378563200,11465706523,4/22/16 0:00,4/22/16 4:23,2016-04-22 21:57:00,4/23/16 7:47,590,0.956006768,0,0,922.2595822,2156.754598,363.6632992,,,21~24,121.92180001735694,,
8378563200,11471818605,4/23/16 0:00,4/23/16 7:47,2016-04-23 22:53:00,4/24/16 7:04,491,0.930894309,0,0,357.0567006,1385.884501,336.3360003,,,21~24,100.90080046653756,,
8378563200,11480131819,4/24/16 0:00,4/24/16 7:04,2016-04-24 21:34:00,4/25/16 4:15,401,0.965174129,0,0,371.1707996,1129.728601,360.0597005,,,21~24,127.92779982090003,,
8378563200,11489307342,4/25/16 0:00,4/25/16 4:15,2016-04-25 20:23:00,4/26/16 6:06,583,0.941780822,0,0,915.6529827,2000.898901,357.9576002,,,18~21,114.414300441742,,
8378563200,11494852178,4/26/16 0:00,4/26/16 6:06,2016-04-26 20:29:00,4/27/16 6:28,599,0.901666667,0,0,745.0442991,1709.607912,396.3959997,,,18~21,151.3511999845505,,
8378563200,11508037626,4/27/16 0:00,4/27/16 6:28,2016-04-27 21:05:00,4/28/16 6:20,555,0.910071942,0,0,488.8884007,1206.9057,463.9634986,,,21~24,177.17699956893927,,
8378563200,11512161584,4/28/16 0:00,4/28/16 6:20,2016-04-28 20:52:00,4/29/16 6:13,561,0.93772242,0,0,356.7564012,1253.4522,390.6903008,,,18~21,139.93980002403265,,
8378563200,11520206581,4/29/16 0:00,4/29/16 6:13,2016-04-29 22:03:00,4/30/16 7:17,554,0.843243243,0,0,482.8823999,1382.881502,359.7594007,,,21~24,124.32420086860662,,
8378563200,11527533844,4/30/16 0:00,4/30/16 7:17,2016-04-30 22:19:00,5/1/16 7:17,538,0.881261596,0,0,334.8345002,1092.191102,353.7533997,,,21~24,134.83469915390015,,
8378563200,11534586771,5/1/16 0:00,5/1/16 7:17,2016-05-01 21:56:00,5/2/16 4:20,384,0.911688312,0,0,362.1618001,1784.082298,347.4471009,,,21~24,111.71160030364996,,
8378563200,11543250624,5/2/16 0:00,5/2/16 4:20,2016-05-02 21:12:00,5/3/16 4:20,428,0.944055944,0,0,907.8451834,1563.361803,365.4650995,,,21~24,125.22509968280796,,
8378563200,11550654115,5/3/16 0:00,5/3/16 4:20,2016-05-03 22:49:00,5/4/16 6:45,476,0.924528302,0,0,912.9502839,1913.8119,445.9454987,,,21~24,118.61849975585947,,
8378563200,11557612620,5/4/16 0:00,5/4/16 6:45,2016-05-04 21:22:00,5/5/16 4:18,416,0.913669065,0,0,541.1405994,1284.383101,384.3839997,,,21~24,114.11400067806248,,
8378563200,11565147460,5/5/16 0:00,5/5/16 4:18,2016-05-05 21:46:00,5/6/16 3:40,354,0.909859155,0,0,904.8421848,1766.3646,482.5820986,,,21~24,203.3030997514725,,
8378563200,11572911644,5/6/16 0:00,5/6/16 3:40,2016-05-07 04:15:00,5/7/16 8:35,260,0.885057471,1,0,912.049383,2514.111603,272.9727019,,,3~6,90.69060063362132,,
8378563200,11578970640,5/7/16 0:00,5/7/16 8:35,2016-05-07 22:59:00,5/8/16 9:04,605,0.912541254,0,0,337.2369012,1202.100899,348.9486004,,,21~24,124.92479979991916,,
8378563200,11587138241,5/8/16 0:00,5/8/16 9:04,2016-05-08 21:45:00,5/9/16 4:23,397,0.900049517,0,1,357.0567008,885.5847001,375.9755998,,,21~24,140.24009919166568,,
8378563200,11595151537,5/9/16 0:00,5/9/16 4:23,2016-05-09 21:32:00,5/10/16 4:02,390,0.925831202,0,0,915.9532826,1763.962198,387.387,,,21~24,146.84669983387,,
8378563200,11605715978,5/10/16 0:00,5/10/16 4:02,2016-05-10 21:52:00,5/11/16 4:18,386,0.950904393,0,0,915.3526829,1692.791103,415.3149,,,21~24,150.4502997398377,,
8378563200,11611590375,5/11/16 0:00,5/11/16 4:18,2016-05-11 21:29:00,5/12/16 6:34,545,0.913919414,0,0,922.2595841,1855.5537,374.4740995,,,21~24,118.31819999217996,,
8792009665,11385348917,4/12/16 0:00,4/12/16 10:03,2016-04-13 01:18:00,4/13/16 10:29,551,0.961956522,0,0,293.6440881,873.3097177,278.9853379,69.54623288,9.553596766,0~3,89.71155273914337,66.81538461538462,7.830582011139513
8792009665,11431161768,4/13/16 0:00,4/13/16 10:29,2016-04-14 02:34:00,4/14/16 10:56,502,0.966202783,0,0,251.1923479,863.8108482,292.236849,75.56541629,13.17258547,0~3,85.60710275173187,73.12426035502959,11.597705322137479
8792009665,11431161769,4/14/16 0:00,4/14/16 10:56,2016-04-15 03:17:00,4/15/16 9:33,376,0.962864721,0,0,283.9106787,859.4718592,250.3714582,69.01873327,8.238444646,3~6,83.26170265674588,70.73097826086956,7.996996515181888
8792009665,11466415426,4/22/16 0:00,4/22/16 8:48,2016-04-23 03:15:00,4/23/16 9:14,359,0.941666667,0,0,278.6335286,1505.395031,320.4989198,72.65172736,14.2893037,3~6,80.09541273117064,67.42682926829268,6.378059654909734
8792009665,11510924294,4/27/16 0:00,4/27/16 9:18,2016-04-28 02:43:00,4/28/16 9:38,415,0.966346154,0,0,272.4182184,1018.489982,300.211208,71.31202691,12.34040331,0~3,104.95665264129636,70.05955334987593,14.73181235701824
8792009665,11514018985,4/28/16 0:00,4/28/16 9:38,2016-04-29 02:19:00,4/29/16 9:04,405,0.980295567,0,0,336.564909,1608.123549,363.6542799,80.64615385,11.20605479,0~3,107.88840281963353,82.45833333333333,11.721009827075738
8792009665,11521265607,4/29/16 0:00,4/29/16 9:04,2016-04-30 02:20:00,4/30/16 8:19,359,0.952777778,0,0,492.5340112,1767.728026,254.3586388,77.11392405,8.716193516,0~3,78.80544269084928,75.7781350482315,7.789093143274532
8792009665,11528665309,4/30/16 0:00,4/30/16 8:19,2016-05-01 01:04:00,5/1/16 9:50,526,0.954459203,0,0,419.2402594,1680.479137,257.7594682,72.67713004,7.835251948,0~3,75.28734266757962,71.68820224719101,7.504438207842008
8792009665,11536572725,5/1/16 0:00,5/1/16 9:50,2016-05-02 02:34:00,5/2/16 9:36,422,0.98108747,0,0,263.3884281,958.6822808,328.35601,74.10347826,14.45417374,0~3,113.5173635482788,73.11052631578947,14.910582905167233
8792009665,11545482065,5/2/16 0:00,5/2/16 9:36,2016-05-03 02:00:00,5/3/16 11:04,544,0.946788991,0,0,284.3797578,853.3738174,315.9253894,76.83735478,10.33311014,0~3,115.62822389602664,78.11568123393316,12.37117058780451
8792009665,11552534115,5/3/16 0:00,5/3/16 11:04,2016-05-04 02:21:00,5/4/16 10:03,462,0.948164147,0,0,331.5222982,1031.037863,322.4925079,80.53644068,9.773839217,0~3,105.19119262695315,82.78933333333333,9.617602697134494
